country,month_year,NO2,O3,PM10,PM2.5
Albania,2019-01,4.788064516129031,63.953548387096774,7.85741935483871,6.93225806451613
Albania,2019-02,4.4296428571428565,69.51571428571428,18.08285714285714,14.165000000000003
Albania,2019-03,4.400322580645161,66.10032258064516,16.801290322580645,13.384516129032257
Albania,2019-04,3.7706666666666675,68.55199999999999,26.38266666666667,17.693666666666665
Albania,2019-05,3.4458064516129023,73.70129032258065,10.44935483870968,8.387419354838707
Albania,2019-06,3.461999999999999,78.59200000000001,20.78333333333334,14.66066666666667
Albania,2019-07,3.4432258064516135,80.49032258064516,17.046774193548387,13.019354838709678
Albania,2019-08,3.7180645161290315,85.08548387096775,19.75838709677419,13.894193548387095
Albania,2019-09,4.343999999999999,72.50766666666667,16.389333333333333,12.803999999999998
Albania,2019-10,6.789999999999999,64.34322580645163,17.638387096774192,13.111612903225806
Albania,2019-11,5.039,59.89733333333333,9.150666666666666,6.4879999999999995
Albania,2019-12,6.935483870967744,53.95870967741935,8.806774193548387,7.057741935483871
Albania,2020-01,9.74225806451613,57.146129032258074,14.246129032258061,12.007419354838714
Albania,2020-02,6.529310344827586,67.0710344827586,12.574482758620688,10.215172413793102
Albania,2020-03,5.39774193548387,75.02322580645162,16.809677419354834,13.146774193548387
Albania,2020-04,4.779666666666667,79.59033333333335,15.418333333333331,12.697666666666667
Albania,2020-05,4.1289655172413795,77.66448275862068,20.434827586206893,10.782758620689652
Austria,2019-01,20.188064516129028,42.539677419354845,16.679677419354835,13.685161290322585
Austria,2019-02,23.156071428571433,48.42892857142857,20.999285714285715,17.450714285714287
Austria,2019-03,16.655806451612907,65.4683870967742,14.383548387096772,11.522903225806449
Austria,2019-04,13.94933333333333,75.14133333333334,22.278666666666663,17.703333333333333
Austria,2019-05,11.325483870967743,70.93096774193549,10.864838709677418,8.74709677419355
Austria,2019-06,10.360000000000003,85.71499999999997,17.804666666666666,13.225666666666664
Austria,2019-07,10.05225806451613,82.93870967741935,14.65741935483871,10.948387096774194
Austria,2019-08,11.16709677419355,74.84290322580644,13.811935483870968,10.796451612903228
Austria,2019-09,12.40633333333333,58.05466666666666,11.074333333333334,7.815666666666667
Austria,2019-10,19.121612903225806,36.20516129032258,17.596774193548388,13.136129032258063
Austria,2019-11,16.71666666666667,34.071,13.567333333333332,10.874333333333334
Austria,2019-12,22.257741935483878,33.432580645161295,16.09967741935484,12.795483870967743
Austria,2020-01,26.777096774193552,28.10935483870967,23.116774193548384,18.926774193548383
Austria,2020-02,14.147931034482763,58.93172413793103,9.822068965517241,7.631034482758621
Austria,2020-03,15.31451612903226,63.51612903225807,17.923870967741934,13.042580645161292
Austria,2020-04,15.153333333333336,77.84133333333332,18.73366666666666,12.852333333333329
Austria,2020-05,11.356206896551726,73.84310344827585,11.714827586206898,8.27241379310345
Belgium,2019-01,27.841612903225805,34.07709677419354,18.031935483870964,13.185483870967742
Belgium,2019-02,28.529285714285717,36.075714285714284,21.415357142857143,16.947499999999998
Belgium,2019-03,18.182258064516127,54.511935483870964,19.020967741935483,13.694838709677422
Belgium,2019-04,22.165000000000003,57.77333333333332,26.003333333333337,20.992333333333338
Belgium,2019-05,17.901612903225804,57.480322580645165,18.834516129032256,14.395483870967745
Belgium,2019-06,14.142666666666663,63.64833333333334,15.570333333333338,10.367999999999999
Belgium,2019-07,15.399354838709677,61.35516129032258,16.899354838709673,10.571290322580646
Belgium,2019-08,15.664838709677419,54.87612903225808,16.585806451612903,11.056129032258065
Belgium,2019-09,16.792000000000005,43.493333333333325,12.708000000000004,7.225666666666668
Belgium,2019-10,18.40548387096774,37.152580645161294,13.647741935483868,8.355483870967744
Belgium,2019-11,24.738333333333326,27.51766666666667,14.866000000000005,10.017
Belgium,2019-12,23.355161290322584,36.94064516129033,16.10225806451613,10.494838709677419
Belgium,2020-01,23.862903225806452,37.47645161290323,17.00774193548387,11.233225806451614
Belgium,2020-02,13.441379310344828,59.40241379310346,13.578965517241375,7.046896551724139
Belgium,2020-03,17.13258064516129,56.38838709677419,18.120645161290323,11.299999999999999
Belgium,2020-04,22.044,62.10800000000002,25.799333333333326,16.53366666666667
Belgium,2020-05,17.545862068965516,66.46068965517242,16.824137931034485,9.529310344827588
Bosnia and Herzegovina,2019-01,6.368064516129033,51.15129032258065,12.811290322580643,11.93774193548387
Bosnia and Herzegovina,2019-02,4.861071428571429,58.741428571428564,21.092857142857145,17.61285714285714
Bosnia and Herzegovina,2019-03,3.290967741935484,67.53322580645163,17.33225806451613,14.164193548387098
Bosnia and Herzegovina,2019-04,2.5036666666666667,68.74,23.139666666666674,16.628000000000004
Bosnia and Herzegovina,2019-05,2.130967741935484,66.42032258064516,9.12774193548387,7.727419354838708
Bosnia and Herzegovina,2019-06,3.6176666666666666,61.70233333333335,17.593666666666667,13.017333333333333
Bosnia and Herzegovina,2019-07,2.534516129032258,67.12225806451613,15.412903225806451,12.020645161290325
Bosnia and Herzegovina,2019-08,2.631935483870967,68.67354838709676,18.10451612903226,13.490967741935481
Bosnia and Herzegovina,2019-09,3.631666666666667,58.91166666666666,13.167666666666666,10.307999999999996
Bosnia and Herzegovina,2019-10,7.0441935483870965,56.943548387096776,14.780967741935482,11.81935483870968
Bosnia and Herzegovina,2019-11,3.5863333333333336,56.068666666666665,7.722666666666665,6.328000000000001
Bosnia and Herzegovina,2019-12,6.9648387096774185,52.00064516129033,11.308064516129035,9.40032258064516
Bosnia and Herzegovina,2020-01,10.201935483870967,58.753870967741925,19.031935483870967,16.79806451612903
Bosnia and Herzegovina,2020-02,5.555517241379312,66.73172413793104,12.419310344827585,10.56551724137931
Bosnia and Herzegovina,2020-03,3.8112903225806454,66.48645161290322,20.87741935483871,14.504838709677424
Bosnia and Herzegovina,2020-04,2.8179999999999996,75.79266666666666,15.699000000000003,13.054666666666668
Bosnia and Herzegovina,2020-05,2.8906896551724133,69.80241379310345,16.45,9.282068965517244
Bulgaria,2019-01,10.438064516129034,50.41096774193549,14.985483870967744,13.453225806451613
Bulgaria,2019-02,10.248214285714283,56.943928571428565,20.724999999999994,17.44357142857143
Bulgaria,2019-03,8.903548387096773,71.17322580645161,17.513548387096773,14.92451612903226
Bulgaria,2019-04,9.192666666666668,75.01133333333334,19.924666666666667,15.953000000000001
Bulgaria,2019-05,6.943225806451614,71.98419354838708,12.394193548387097,10.315161290322582
Bulgaria,2019-06,6.5329999999999995,75.71800000000003,14.639333333333333,11.894666666666664
Bulgaria,2019-07,5.888709677419355,74.93612903225808,14.311935483870968,11.595806451612903
Bulgaria,2019-08,5.458709677419355,91.14516129032258,15.490645161290324,11.326451612903224
Bulgaria,2019-09,6.767666666666666,80.50166666666665,16.452666666666666,12.549999999999999
Bulgaria,2019-10,11.239354838709678,66.07290322580646,20.49419354838709,17.030967741935484
Bulgaria,2019-11,10.862,50.10066666666667,13.228666666666664,10.722333333333331
Bulgaria,2019-12,11.274516129032255,51.81548387096773,15.753870967741934,13.441290322580649
Bulgaria,2020-01,12.635806451612902,61.01806451612903,21.78161290322581,18.720967741935482
Bulgaria,2020-02,9.857586206896553,68.96620689655172,16.304482758620686,14.346896551724138
Bulgaria,2020-03,8.466451612903224,72.13193548387098,26.60322580645161,17.45774193548387
Bulgaria,2020-04,7.349333333333334,80.87566666666666,16.032666666666664,13.55233333333333
Bulgaria,2020-05,5.993448275862068,76.68275862068964,18.67034482758621,10.310000000000002
Croatia,2019-01,16.726774193548387,38.81548387096774,13.99548387096774,12.240645161290326
Croatia,2019-02,18.16107142857143,40.79392857142857,25.292857142857144,21.48571428571429
Croatia,2019-03,11.878387096774196,70.70516129032255,17.126451612903224,14.312903225806453
Croatia,2019-04,9.810666666666666,71.31199999999998,21.737000000000002,17.12
Croatia,2019-05,8.080645161290322,68.13096774193548,9.88516129032258,8.393548387096775
Croatia,2019-06,6.469333333333333,76.11600000000001,15.819333333333333,11.612333333333334
Croatia,2019-07,6.133548387096776,75.81419354838711,12.52,9.871290322580645
Croatia,2019-08,6.444193548387097,70.92967741935483,13.94903225806452,10.683548387096776
Croatia,2019-09,8.026333333333334,56.218333333333334,11.086999999999998,8.55433333333333
Croatia,2019-10,11.798064516129035,47.077096774193556,17.07161290322581,13.105483870967742
Croatia,2019-11,14.386333333333335,34.12766666666667,14.715,12.433333333333332
Croatia,2019-12,17.81387096774193,38.62032258064515,18.432903225806445,15.503548387096775
Croatia,2020-01,23.974838709677424,32.33129032258064,29.9483870967742,26.41612903225806
Croatia,2020-02,13.482068965517241,59.04448275862069,14.807241379310344,12.940344827586205
Croatia,2020-03,9.702258064516126,68.54903225806451,22.778064516129028,16.646774193548385
Croatia,2020-04,8.181999999999999,81.84499999999998,17.967333333333325,14.585666666666667
Croatia,2020-05,6.179310344827586,76.37896551724137,10.58551724137931,7.933793103448276
Cyprus,2019-01,4.611612903225807,67.52612903225807,23.565161290322582,13.368387096774194
Cyprus,2019-02,4.256428571428573,77.32964285714286,15.183928571428568,10.36035714285714
Cyprus,2019-03,3.8483870967741933,79.56806451612904,13.021290322580647,9.671612903225807
Cyprus,2019-04,3.4053333333333335,83.62566666666666,24.04,15.61166666666667
Cyprus,2019-05,2.525806451612903,87.47645161290322,26.27935483870967,16.196129032258064
Cyprus,2019-06,2.3513333333333333,74.66,28.850666666666665,17.69266666666667
Cyprus,2019-07,1.7125806451612902,87.34645161290322,17.18032258064516,11.706451612903226
Cyprus,2019-08,1.9741935483870967,88.5583870967742,22.512580645161286,14.55967741935484
Cyprus,2019-09,2.254666666666667,82.95,15.856333333333335,10.770666666666665
Cyprus,2019-10,3.4070967741935485,74.40290322580648,18.731612903225805,12.813870967741934
Cyprus,2019-11,5.060666666666666,72.45366666666668,22.45866666666667,15.052666666666669
Cyprus,2019-12,5.541612903225806,60.90064516129033,9.57290322580645,6.4864516129032275
Cyprus,2020-01,4.696451612903225,69.27032258064516,9.680967741935484,6.7538709677419355
Cyprus,2020-02,4.236206896551724,79.30310344827586,13.115517241379306,8.448275862068964
Cyprus,2020-03,3.2416129032258074,85.78322580645161,20.12290322580645,12.680000000000001
Cyprus,2020-04,2.746666666666667,88.25566666666666,19.03433333333334,12.575000000000005
Cyprus,2020-05,2.4903448275862066,88.40310344827589,24.703793103448266,10.16344827586207
Czech Republic,2019-01,17.14838709677419,44.589999999999996,15.31806451612903,13.161290322580644
Czech Republic,2019-02,24.634285714285713,44.57857142857142,24.25107142857143,19.94107142857143
Czech Republic,2019-03,15.14064516129032,60.60290322580644,14.257096774193549,11.358387096774194
Czech Republic,2019-04,12.920333333333334,73.37066666666666,21.67866666666667,18.055333333333333
Czech Republic,2019-05,12.45258064516129,68.11967741935486,12.65258064516129,10.347419354838712
Czech Republic,2019-06,9.315666666666665,86.91866666666665,16.455333333333332,12.682999999999998
Czech Republic,2019-07,9.311935483870968,77.69387096774194,15.068387096774194,11.622580645161289
Czech Republic,2019-08,11.600000000000001,68.76064516129034,14.941612903225804,12.169677419354839
Czech Republic,2019-09,12.891666666666667,52.31366666666667,12.400333333333338,8.931666666666667
Czech Republic,2019-10,17.535483870967738,35.033548387096765,17.000967741935483,12.564838709677417
Czech Republic,2019-11,18.586000000000002,27.93666666666667,15.388333333333332,11.53833333333333
Czech Republic,2019-12,19.38032258064516,36.15354838709677,15.39806451612903,11.138064516129033
Czech Republic,2020-01,22.905483870967743,32.90774193548387,19.94322580645162,15.03064516129032
Czech Republic,2020-02,11.428275862068968,60.07517241379309,9.514482758620689,7.311034482758622
Czech Republic,2020-03,14.134516129032257,60.07258064516128,18.8058064516129,14.315806451612902
Czech Republic,2020-04,13.448666666666666,75.47633333333333,20.168999999999997,14.923666666666666
Czech Republic,2020-05,9.91655172413793,69.66206896551726,11.77965517241379,8.42344827586207
Denmark,2019-01,17.74322580645161,47.93451612903226,12.62,9.646451612903226
Denmark,2019-02,20.371785714285714,45.48678571428571,20.801785714285717,16.049285714285713
Denmark,2019-03,11.750000000000004,63.562258064516115,13.13483870967742,8.99967741935484
Denmark,2019-04,13.424333333333331,75.73166666666665,20.810333333333332,15.211333333333334
Denmark,2019-05,10.850645161290322,70.24967741935482,10.539354838709679,7.276129032258066
Denmark,2019-06,10.035666666666666,77.576,11.974333333333336,8.449666666666667
Denmark,2019-07,8.745483870967742,59.31870967741935,11.022580645161288,7.3741935483870975
Denmark,2019-08,10.061935483870968,64.36870967741937,13.66483870967742,9.129032258064514
Denmark,2019-09,8.886666666666667,51.90766666666668,10.985666666666669,7.048666666666665
Denmark,2019-10,12.11451612903226,40.99774193548388,9.5858064516129,6.32516129032258
Denmark,2019-11,13.644666666666664,29.774666666666672,11.581000000000001,8.442333333333334
Denmark,2019-12,14.581290322580644,40.193548387096776,13.608387096774191,8.419677419354839
Denmark,2020-01,14.103225806451613,47.88483870967742,13.330967741935483,7.738709677419356
Denmark,2020-02,10.194482758620689,61.12586206896551,11.643103448275863,6.361034482758622
Denmark,2020-03,10.879354838709675,64.42225806451613,12.824838709677419,8.977741935483872
Denmark,2020-04,11.727,68.41966666666667,12.513333333333332,7.4819999999999975
Denmark,2020-05,9.770344827586204,67.75689655172414,9.366896551724139,5.403793103448275
Estonia,2019-01,10.82741935483871,51.09806451612903,7.7061290322580644,6.7858064516129035
Estonia,2019-02,8.628214285714288,57.72714285714286,8.954285714285714,6.896071428571429
Estonia,2019-03,6.354193548387096,68.53516129032258,8.000645161290324,5.936774193548388
Estonia,2019-04,9.589333333333332,76.60466666666667,12.729666666666667,9.877666666666668
Estonia,2019-05,7.448064516129032,65.58290322580645,7.434193548387096,5.805483870967742
Estonia,2019-06,5.6436666666666655,69.27399999999999,7.992666666666667,6.198666666666667
Estonia,2019-07,6.375806451612903,54.772903225806445,8.332580645161288,6.884193548387095
Estonia,2019-08,6.127741935483871,57.13322580645162,9.375806451612902,6.969354838709676
Estonia,2019-09,6.036333333333333,50.16466666666667,5.9193333333333324,4.384666666666666
Estonia,2019-10,7.713225806451612,42.50774193548387,5.536774193548387,4.119354838709677
Estonia,2019-11,8.943000000000001,35.11966666666667,8.586999999999998,6.546666666666668
Estonia,2019-12,8.188709677419356,47.19645161290323,6.930322580645161,4.918064516129031
Estonia,2020-01,7.563225806451613,54.713548387096765,7.822258064516128,4.940645161290322
Estonia,2020-02,6.849310344827586,62.43172413793103,6.3472413793103435,3.9765517241379307
Estonia,2020-03,7.9970967741935475,65.28548387096774,8.438064516129034,6.161290322580644
Estonia,2020-04,6.163666666666667,69.815,6.248666666666666,4.066000000000002
Estonia,2020-05,7.09448275862069,65.24620689655171,5.190344827586208,3.9582758620689664
Finland,2019-01,14.662258064516127,47.590967741935465,7.586451612903225,6.0864516129032245
Finland,2019-02,9.783928571428572,57.73500000000001,8.915714285714284,6.505357142857142
Finland,2019-03,9.037419354838711,66.3741935483871,9.190967741935482,6.511612903225807
Finland,2019-04,13.977000000000002,70.31866666666666,14.419,11.160000000000002
Finland,2019-05,9.201935483870967,64.22870967741936,8.759032258064513,6.665806451612904
Finland,2019-06,7.191,67.11066666666667,8.883333333333331,6.807666666666666
Finland,2019-07,7.413870967741934,49.697741935483876,8.703225806451611,7.0612903225806445
Finland,2019-08,7.523225806451614,54.387419354838705,9.885806451612902,7.339354838709679
Finland,2019-09,7.841999999999999,43.70566666666666,6.576333333333333,4.729333333333334
Finland,2019-10,9.324193548387093,37.71096774193549,6.261935483870967,4.559354838709677
Finland,2019-11,9.272333333333334,36.70233333333333,8.761333333333335,6.700666666666665
Finland,2019-12,9.184516129032257,45.430322580645154,7.8358064516129025,5.457096774193549
Finland,2020-01,7.558064516129033,54.20774193548389,8.22903225806452,4.903225806451613
Finland,2020-02,7.523103448275862,60.13793103448277,7.232068965517241,4.538620689655173
Finland,2020-03,9.121290322580647,60.83677419354841,8.740322580645161,6.047741935483872
Finland,2020-04,6.738333333333333,64.63633333333334,6.580999999999999,4.399
Finland,2020-05,7.359655172413792,61.005172413793105,5.580344827586205,4.297586206896552
France,2019-01,24.9447311827957,38.39279569892472,17.07774193548388,12.950000000000001
France,2019-02,33.36011904761905,39.41940476190475,25.85119047619047,20.38428571428572
France,2019-03,20.130537634408597,63.924731182795696,16.1710752688172,11.686451612903225
France,2019-04,19.552,73.03822222222223,16.71877777777777,12.983555555555556
France,2019-05,15.224946236559138,72.85494623655914,13.063763440860214,9.700000000000001
France,2019-06,12.82488888888889,79.98000000000003,15.303666666666674,10.299444444444443
France,2019-07,10.700107526881721,83.548064516129,17.107849462365596,11.571505376344081
France,2019-08,13.470107526881716,69.40795698924732,14.694408602150542,10.00440860215054
France,2019-09,13.96066666666666,61.068444444444424,12.711444444444439,7.934000000000001
France,2019-10,16.280860215053767,45.6337634408602,12.129999999999997,7.964301075268814
France,2019-11,20.500222222222224,36.932444444444435,10.27588888888889,7.290222222222224
France,2019-12,22.831397849462363,40.1732258064516,14.301397849462369,9.591935483870971
France,2020-01,25.66677419354838,38.41279569892472,16.378172043010757,11.589354838709676
France,2020-02,17.948620689655176,53.40091954022988,13.2416091954023,8.129080459770117
France,2020-03,17.344408602150533,58.70258064516127,16.2389247311828,11.764516129032264
France,2020-04,17.59433333333333,71.20944444444444,17.927000000000003,13.254555555555553
France,2020-05,12.569540229885057,71.50850574712645,11.597816091954027,7.635402298850577
Germany,2019-01,21.984758064516136,38.82540322580645,15.43556451612903,12.340403225806451
Germany,2019-02,27.311517857142864,36.282767857142865,20.900089285714284,17.513928571428572
Germany,2019-03,16.19685483870968,57.63967741935485,14.123467741935482,10.671370967741932
Germany,2019-04,14.025583333333332,70.32725000000002,17.887999999999995,14.590333333333332
Germany,2019-05,13.617096774193548,62.95596774193549,12.08177419354838,9.37153225806452
Germany,2019-06,11.865083333333335,75.92191666666663,14.045916666666669,10.435250000000003
Germany,2019-07,11.491935483870964,64.54701612903223,13.603548387096772,9.749758064516124
Germany,2019-08,14.06508064516129,60.626451612903196,14.147016129032254,10.614032258064514
Germany,2019-09,15.080749999999998,44.892750000000014,11.24866666666667,7.499666666666667
Germany,2019-10,16.486048387096787,33.40564516129032,11.480241935483866,8.040806451612902
Germany,2019-11,21.640166666666666,22.560666666666673,13.248833333333327,10.48616666666667
Germany,2019-12,22.08588709677419,34.36854838709677,11.706451612903223,8.487983870967739
Germany,2020-01,22.999919354838713,36.310887096774195,14.135725806451614,10.063709677419356
Germany,2020-02,14.493965517241383,57.258017241379314,9.775603448275865,6.3773275862068965
Germany,2020-03,15.618709677419353,57.75959677419353,14.521532258064518,10.406129032258061
Germany,2020-04,15.799833333333341,70.68041666666669,17.37708333333334,11.713416666666669
Germany,2020-05,13.360948275862064,65.21896551724139,11.288534482758624,7.22206896551724
Greece,2019-01,25.039677419354835,48.6306451612903,17.69451612903226,12.17193548387097
Greece,2019-02,23.488214285714275,52.010714285714286,21.16642857142858,14.773928571428572
Greece,2019-03,28.147096774193546,56.462580645161296,20.699032258064513,14.989032258064519
Greece,2019-04,30.218666666666664,63.312,35.31466666666667,24.31866666666667
Greece,2019-05,27.710322580645165,67.54548387096776,18.687419354838713,12.678387096774193
Greece,2019-06,19.422000000000004,76.58033333333334,21.213333333333342,15.912333333333331
Greece,2019-07,15.777741935483876,85.13870967741937,17.534193548387094,13.648387096774194
Greece,2019-08,11.171612903225807,87.92838709677419,18.494193548387095,12.066129032258065
Greece,2019-09,17.549666666666663,75.50066666666666,17.420999999999996,12.077666666666666
Greece,2019-10,25.396774193548385,62.10354838709677,21.16193548387097,15.688387096774193
Greece,2019-11,22.52833333333333,55.144000000000005,17.266000000000002,10.885666666666667
Greece,2019-12,24.387741935483874,42.82580645161289,14.743870967741936,10.090645161290318
Greece,2020-01,23.86741935483871,54.929999999999986,15.012580645161288,10.982258064516131
Greece,2020-02,23.670689655172417,49.28379310344828,14.71793103448276,10.75344827586207
Greece,2020-03,19.539032258064513,67.37225806451615,20.357741935483876,14.152903225806448
Greece,2020-04,16.79433333333333,82.28833333333336,18.185333333333325,13.318
Greece,2020-05,19.765517241379307,83.71862068965518,26.17275862068966,13.805862068965519
Hungary,2019-01,21.500967741935483,32.78741935483871,16.429354838709678,14.401290322580646
Hungary,2019-02,23.55821428571429,30.49142857142857,27.313571428571425,22.622500000000002
Hungary,2019-03,16.544838709677414,42.32064516129032,18.553548387096775,15.23935483870968
Hungary,2019-04,10.868999999999994,55.00566666666668,20.410999999999994,15.603333333333332
Hungary,2019-05,11.030967741935486,37.95193548387096,11.87193548387097,9.870967741935484
Hungary,2019-06,10.286666666666667,44.344666666666654,18.769333333333336,13.916666666666664
Hungary,2019-07,9.61709677419355,47.84516129032258,16.008709677419354,12.306451612903231
Hungary,2019-08,12.026129032258062,39.36612903225806,17.050645161290323,12.953548387096774
Hungary,2019-09,13.737333333333332,44.358999999999995,15.009000000000002,11.425
Hungary,2019-10,20.301290322580645,31.6658064516129,21.800322580645158,17.09516129032258
Hungary,2019-11,18.406,23.375666666666667,16.548,13.561000000000003
Hungary,2019-12,21.351612903225803,24.027419354838706,20.80290322580645,17.29354838709677
Hungary,2020-01,29.841612903225805,19.647741935483875,35.21967741935484,29.944193548387105
Hungary,2020-02,15.280689655172413,48.57344827586206,15.000344827586206,12.532413793103446
Hungary,2020-03,15.785483870967743,52.19677419354838,23.01387096774193,18.2058064516129
Hungary,2020-04,13.494333333333332,65.77466666666665,19.052333333333333,14.873999999999997
Hungary,2020-05,9.805517241379311,61.75344827586208,12.031379310344832,9.044137931034484
Iceland,2019-01,5.437096774193548,64.86677419354838,5.340322580645163,2.672903225806452
Iceland,2019-02,4.827857142857142,65.24821428571428,5.54607142857143,2.748571428571428
Iceland,2019-03,3.605483870967741,69.28806451612904,4.167096774193548,2.5229032258064508
Iceland,2019-04,3.517666666666666,82.71466666666667,6.067333333333332,3.6919999999999997
Iceland,2019-05,3.866451612903225,74.79290322580647,5.283870967741937,4.006451612903225
Iceland,2019-06,2.3839999999999995,67.78600000000002,4.876333333333333,3.5436666666666667
Iceland,2019-07,3.9974193548387094,51.45580645161291,4.770322580645162,3.9545161290322577
Iceland,2019-08,3.27258064516129,58.08870967741935,5.354516129032258,3.6583870967741934
Iceland,2019-09,3.917666666666666,59.01999999999999,4.7636666666666665,3.204666666666667
Iceland,2019-10,3.3854838709677426,65.7667741935484,4.3596774193548375,2.399354838709678
Iceland,2019-11,6.227000000000001,62.69566666666667,4.676666666666667,3.2623333333333333
Iceland,2019-12,4.06741935483871,70.57193548387099,5.144838709677419,3.137741935483871
Iceland,2020-01,2.5367741935483874,82.82354838709676,6.570967741935485,3.3354838709677415
Iceland,2020-02,3.487931034482759,78.29068965517241,6.305862068965516,3.4086206896551725
Iceland,2020-03,2.34258064516129,87.47548387096775,7.289032258064516,4.224516129032258
Iceland,2020-04,2.8360000000000003,81.09499999999998,7.975666666666666,5.051
Iceland,2020-05,1.9162068965517245,79.29862068965517,7.223793103448278,4.642413793103448
Ireland,2019-01,12.475806451612902,53.570645161290315,9.429677419354842,5.106451612903226
Ireland,2019-02,10.171785714285715,63.206785714285715,14.507857142857144,8.997499999999999
Ireland,2019-03,7.992903225806453,68.12032258064517,10.324838709677419,5.508709677419355
Ireland,2019-04,10.92066666666667,77.90666666666667,19.140666666666664,15.312333333333333
Ireland,2019-05,9.50483870967742,63.43709677419355,8.424193548387098,5.971612903225806
Ireland,2019-06,6.594999999999999,59.89200000000001,7.567999999999999,4.754
Ireland,2019-07,5.825806451612902,48.42290322580645,8.000000000000002,4.9880645161290325
Ireland,2019-08,5.332903225806453,55.34193548387095,8.175483870967742,4.807741935483872
Ireland,2019-09,7.3923333333333305,49.708000000000006,8.506666666666668,4.555000000000001
Ireland,2019-10,8.485806451612904,52.20612903225807,7.335161290322581,3.491612903225806
Ireland,2019-11,11.277,48.334999999999994,7.3660000000000005,4.092333333333333
Ireland,2019-12,9.749677419354839,59.20322580645162,9.10193548387097,4.143870967741935
Ireland,2020-01,9.735806451612905,61.78677419354838,9.745483870967742,4.558387096774193
Ireland,2020-02,5.675172413793103,73.6348275862069,8.836896551724138,3.6368965517241376
Ireland,2020-03,8.049677419354838,69.24806451612903,12.239354838709675,6.739032258064517
Ireland,2020-04,11.157333333333332,70.65366666666667,16.712333333333337,10.654000000000002
Ireland,2020-05,7.70448275862069,69.9703448275862,9.598275862068965,5.1803448275862065
Italy,2019-01,30.671693548387072,30.10475806451615,17.54887096774194,14.922822580645164
Italy,2019-02,35.289821428571436,34.94375,31.039732142857154,26.627500000000005
Italy,2019-03,25.516370967741953,53.32572580645158,21.44887096774194,16.729354838709682
Italy,2019-04,22.484166666666674,64.14025000000002,23.47508333333332,18.605083333333322
Italy,2019-05,17.830161290322586,64.53282258064516,14.235403225806449,11.4366935483871
Italy,2019-06,19.11541666666667,76.39241666666662,26.88058333333333,18.037333333333343
Italy,2019-07,16.452016129032256,78.60024193548385,21.279274193548385,14.697661290322586
Italy,2019-08,19.55983870967743,69.08838709677418,21.801129032258068,15.629435483870967
Italy,2019-09,21.867,55.13324999999999,19.72383333333334,14.195583333333333
Italy,2019-10,27.85983870967743,35.43282258064515,20.89354838709678,15.741370967741934
Italy,2019-11,25.674166666666668,29.830999999999992,14.679166666666658,11.272750000000002
Italy,2019-12,34.42169354838711,27.135322580645163,21.842096774193543,17.7133064516129
Italy,2020-01,44.80112903225809,21.60306451612903,33.7101612903226,27.938790322580644
Italy,2020-02,32.1426724137931,41.33568965517242,25.432672413793092,20.918189655172426
Italy,2020-03,25.410403225806455,49.62177419354838,25.742499999999986,21.276935483870954
Italy,2020-04,21.54291666666666,64.97466666666668,25.212583333333328,20.497000000000007
Italy,2020-05,16.118620689655177,69.65293103448276,17.6025,11.60844827586207
Kosovo,2019-01,8.501935483870966,45.528387096774196,19.67967741935484,17.184193548387093
Kosovo,2019-02,7.048214285714287,50.44607142857142,24.467500000000005,19.96607142857142
Kosovo,2019-03,6.012903225806451,60.66419354838711,20.572903225806456,16.880645161290325
Kosovo,2019-04,5.169333333333337,66.76466666666666,24.854,18.614666666666665
Kosovo,2019-05,4.7954838709677405,65.62709677419353,12.174516129032254,9.955806451612903
Kosovo,2019-06,5.323333333333336,63.44433333333334,18.99266666666667,14.213
Kosovo,2019-07,5.78,68.52193548387096,16.509354838709676,13.529677419354837
Kosovo,2019-08,5.712580645161291,74.74322580645159,17.105161290322577,12.904193548387095
Kosovo,2019-09,7.289333333333333,60.13133333333335,16.760666666666665,13.281333333333334
Kosovo,2019-10,13.04903225806452,45.162580645161306,24.89,19.206451612903226
Kosovo,2019-11,9.19,41.998,13.268666666666665,10.132999999999997
Kosovo,2019-12,11.674193548387095,34.40645161290323,16.779677419354837,14.079677419354836
Kosovo,2020-01,14.216129032258065,40.86032258064515,24.460645161290316,21.199999999999996
Kosovo,2020-02,9.421379310344827,55.55896551724138,16.433793103448274,13.48344827586207
Kosovo,2020-03,7.353548387096772,60.274838709677425,24.979354838709675,16.553225806451607
Kosovo,2020-04,5.517999999999998,71.94766666666666,15.876333333333337,12.854666666666667
Kosovo,2020-05,5.39551724137931,68.5851724137931,18.5,10.185172413793106
Latvia,2019-01,14.011290322580646,46.519999999999996,15.163870967741937,13.50483870967742
Latvia,2019-02,10.358571428571429,50.707857142857144,13.820000000000004,11.345000000000002
Latvia,2019-03,7.223870967741936,62.18354838709678,11.864193548387096,9.180967741935481
Latvia,2019-04,7.444666666666668,74.28500000000001,15.169333333333334,11.736999999999998
Latvia,2019-05,6.3680645161290315,69.39935483870968,10.168064516129034,7.650967741935484
Latvia,2019-06,4.200666666666667,68.98433333333335,10.96833333333333,8.548333333333334
Latvia,2019-07,3.1141935483870973,61.04741935483871,9.683225806451611,7.75709677419355
Latvia,2019-08,4.7700000000000005,60.832258064516125,13.635483870967741,10.235806451612904
Latvia,2019-09,4.4573333333333345,54.556333333333335,9.524999999999999,7.371333333333333
Latvia,2019-10,6.636129032258064,43.02838709677419,10.710322580645162,8.478387096774194
Latvia,2019-11,7.145333333333332,34.83100000000001,13.283666666666667,10.613
Latvia,2019-12,7.724516129032257,43.4741935483871,12.017096774193549,8.777096774193547
Latvia,2020-01,7.444516129032258,49.543225806451616,12.92903225806452,8.456774193548386
Latvia,2020-02,6.131379310344829,59.93551724137931,11.66241379310345,8.026896551724137
Latvia,2020-03,6.236129032258066,64.47741935483872,14.534516129032259,11.258709677419354
Latvia,2020-04,3.9256666666666664,72.34866666666669,9.906333333333333,6.621666666666666
Latvia,2020-05,4.089310344827586,68.63793103448276,8.652758620689655,5.941724137931035
Lithuania,2019-01,13.440645161290321,43.318064516129034,11.691935483870967,10.472258064516128
Lithuania,2019-02,10.676785714285717,47.656785714285704,14.24892857142857,11.422142857142857
Lithuania,2019-03,6.101290322580644,59.689354838709676,11.73967741935484,8.731612903225809
Lithuania,2019-04,4.588333333333334,71.137,14.327333333333334,10.856666666666666
Lithuania,2019-05,4.252258064516129,65.17612903225806,9.223870967741936,7.2864516129032255
Lithuania,2019-06,3.409333333333333,64.48166666666665,9.661000000000001,7.942000000000003
Lithuania,2019-07,3.479032258064516,52.84935483870968,10.091612903225805,8.386451612903226
Lithuania,2019-08,5.008387096774193,53.82387096774195,12.597096774193542,9.911290322580644
Lithuania,2019-09,4.549666666666666,49.84466666666666,9.955333333333334,7.681
Lithuania,2019-10,6.800000000000001,40.001290322580644,12.121290322580645,9.460645161290321
Lithuania,2019-11,5.897666666666668,36.209666666666664,12.481666666666667,10.089000000000002
Lithuania,2019-12,7.204193548387097,38.918064516129036,11.785806451612906,8.647096774193548
Lithuania,2020-01,10.036129032258067,42.11967741935483,13.97967741935484,10.019032258064515
Lithuania,2020-02,7.718620689655173,54.77137931034481,10.488965517241379,7.4255172413793105
Lithuania,2020-03,7.419032258064517,57.45903225806451,13.604516129032257,10.728387096774192
Lithuania,2020-04,4.307000000000001,66.24166666666669,9.843333333333334,6.786333333333334
Lithuania,2020-05,4.665172413793104,63.42344827586207,6.180689655172414,4.439310344827587
Luxembourg,2019-01,24.743225806451616,36.50516129032258,14.849032258064517,11.821290322580642
Luxembourg,2019-02,28.822857142857146,36.3125,19.31392857142857,15.738214285714287
Luxembourg,2019-03,16.63483870967742,62.8016129032258,13.57741935483871,10.649677419354834
Luxembourg,2019-04,18.848000000000003,64.87433333333334,17.421,14.91933333333333
Luxembourg,2019-05,15.904838709677415,63.90612903225806,12.399354838709678,10.078387096774193
Luxembourg,2019-06,10.116999999999999,71.52133333333333,11.86166666666667,8.655333333333335
Luxembourg,2019-07,8.538064516129033,73.51677419354839,13.04935483870968,9.23
Luxembourg,2019-08,9.180645161290323,63.35870967741934,11.466774193548387,8.3
Luxembourg,2019-09,9.29233333333333,52.18400000000001,9.160666666666668,5.711666666666667
Luxembourg,2019-10,9.89290322580645,40.875806451612895,8.801612903225806,5.871612903225807
Luxembourg,2019-11,14.874666666666664,32.01733333333333,10.535666666666666,7.799
Luxembourg,2019-12,14.655806451612905,42.42064516129033,10.6,7.282258064516128
Luxembourg,2020-01,16.296774193548387,40.9967741935484,12.836129032258063,8.677096774193549
Luxembourg,2020-02,9.028275862068963,60.33068965517242,9.770344827586207,6.140344827586206
Luxembourg,2020-03,9.12483870967742,64.09903225806453,13.263548387096774,9.019032258064515
Luxembourg,2020-04,10.306666666666665,76.86,18.63233333333333,12.597666666666669
Luxembourg,2020-05,8.58689655172414,72.72999999999999,11.48137931034483,6.884482758620691
Macedonia,2019-01,11.235806451612905,37.36290322580645,23.60774193548388,21.07580645161291
Macedonia,2019-02,7.339999999999999,35.71892857142858,25.606071428571433,21.672500000000003
Macedonia,2019-03,8.603870967741935,49.976129032258065,21.20225806451613,17.821290322580644
Macedonia,2019-04,7.139666666666666,58.75366666666667,23.800999999999995,18.391666666666666
Macedonia,2019-05,5.911612903225807,59.70774193548387,12.761290322580646,10.552903225806453
Macedonia,2019-06,5.580666666666668,63.34966666666667,18.67133333333333,13.704000000000004
Macedonia,2019-07,5.3199999999999985,68.13451612903226,15.7458064516129,12.530645161290325
Macedonia,2019-08,5.857741935483871,74.90290322580645,18.20129032258065,12.735806451612904
Macedonia,2019-09,7.557666666666666,60.61333333333334,17.61766666666667,13.789666666666673
Macedonia,2019-10,12.70774193548387,43.6683870967742,25.031935483870964,19.878387096774194
Macedonia,2019-11,13.215,34.09866666666667,17.619666666666667,13.918999999999999
Macedonia,2019-12,15.616129032258069,27.91354838709677,23.097741935483867,19.607419354838708
Macedonia,2020-01,13.855161290322577,34.56322580645162,30.980645161290322,26.674838709677417
Macedonia,2020-02,10.093793103448277,47.35275862068965,23.426896551724134,20.186551724137924
Macedonia,2020-03,7.309032258064517,56.797096774193555,27.362903225806456,21.09225806451613
Macedonia,2020-04,5.2796666666666665,64.582,20.48466666666667,16.935
Macedonia,2020-05,4.807241379310347,66.60827586206898,22.207931034482755,12.276206896551725
Malta,2019-01,4.273225806451612,69.76322580645163,13.300967741935482,4.9799999999999995
Malta,2019-02,5.165714285714286,71.24321428571429,16.529642857142854,8.715000000000002
Malta,2019-03,5.45516129032258,82.36451612903225,22.055806451612902,12.274516129032259
Malta,2019-04,5.270333333333334,95.64633333333335,48.09366666666666,25.625333333333334
Malta,2019-05,4.80483870967742,86.47709677419354,19.79774193548387,9.921290322580644
Malta,2019-06,8.534999999999998,78.13766666666666,39.85,25.203666666666656
Malta,2019-07,5.765161290322582,81.25419354838708,31.463225806451618,18.32354838709678
Malta,2019-08,6.720645161290322,83.89935483870968,33.04387096774194,18.38935483870968
Malta,2019-09,4.599000000000001,77.2,22.228666666666662,12.148
Malta,2019-10,4.638709677419355,67.81645161290324,17.278387096774193,8.547096774193548
Malta,2019-11,3.1743333333333337,71.22200000000002,18.194333333333336,6.454333333333334
Malta,2019-12,4.310967741935484,68.46709677419354,33.28903225806451,10.316774193548383
Malta,2020-01,5.26516129032258,72.76935483870966,14.602258064516128,6.795806451612902
Malta,2020-02,6.320689655172414,79.20379310344828,15.636551724137929,7.434137931034481
Malta,2020-03,5.655483870967741,84.83741935483869,16.162258064516127,8.481612903225807
Malta,2020-04,7.682333333333332,87.708,21.165666666666667,12.414
Malta,2020-05,7.580344827586208,85.39206896551724,28.781034482758624,12.742068965517243
Monaco,2019-01,13.043870967741938,54.96903225806452,7.209032258064517,5.430645161290322
Monaco,2019-02,16.148214285714285,63.54035714285714,14.145714285714288,11.23107142857143
Monaco,2019-03,9.607096774193547,81.26709677419355,11.432903225806452,8.677419354838712
Monaco,2019-04,8.230666666666666,90.02900000000001,13.354999999999999,10.676666666666666
Monaco,2019-05,7.561612903225806,84.17645161290325,10.501935483870971,7.7941935483870965
Monaco,2019-06,6.253,97.97866666666665,20.997333333333337,13.139000000000001
Monaco,2019-07,5.035161290322581,93.37645161290322,19.096774193548388,12.455806451612904
Monaco,2019-08,5.288387096774193,88.80419354838709,19.273225806451613,11.840322580645159
Monaco,2019-09,5.717000000000001,81.64833333333333,13.308333333333332,8.443999999999999
Monaco,2019-10,7.7716129032258054,61.22870967741936,11.048064516129033,7.437741935483871
Monaco,2019-11,7.547333333333332,52.34533333333334,3.964999999999999,3.103
Monaco,2019-12,9.101935483870971,58.38129032258065,7.417096774193547,5.131612903225806
Monaco,2020-01,10.366451612903223,60.32322580645162,9.142580645161292,6.428709677419355
Monaco,2020-02,8.876206896551727,67.59379310344829,9.882413793103451,6.873793103448277
Monaco,2020-03,6.515806451612904,77.04967741935482,12.482903225806453,9.435483870967738
Monaco,2020-04,5.726666666666668,91.70266666666667,15.783,12.076333333333329
Monaco,2020-05,5.4624137931034475,79.54931034482757,9.214137931034482,6.263103448275862
Montenegro,2019-01,4.461290322580646,54.017096774193554,7.79258064516129,7.03
Montenegro,2019-02,3.4374999999999996,56.98285714285714,16.316785714285718,12.615
Montenegro,2019-03,3.031290322580645,63.56548387096775,16.251935483870966,12.701290322580643
Montenegro,2019-04,2.587666666666667,66.105,25.23,16.24233333333333
Montenegro,2019-05,2.366129032258064,64.73870967741932,8.11290322580645,6.899354838709678
Montenegro,2019-06,2.417,62.46233333333334,18.333000000000002,12.193000000000001
Montenegro,2019-07,2.1767741935483866,66.91806451612902,14.176129032258068,10.69225806451613
Montenegro,2019-08,2.674516129032258,68.84451612903226,16.24096774193548,11.86516129032258
Montenegro,2019-09,3.1756666666666664,60.621000000000016,14.586333333333334,10.932999999999996
Montenegro,2019-10,4.608709677419353,52.731935483870956,13.834516129032256,10.579354838709676
Montenegro,2019-11,4.6403333333333325,51.68866666666666,8.489666666666666,6.791666666666667
Montenegro,2019-12,5.663548387096774,49.69161290322582,9.040645161290323,7.566774193548387
Montenegro,2020-01,6.542580645161289,55.254516129032254,12.514193548387098,11.085806451612903
Montenegro,2020-02,4.914482758620688,61.922413793103445,12.025517241379308,9.963448275862067
Montenegro,2020-03,3.864516129032258,65.97677419354837,17.045161290322575,12.933225806451613
Montenegro,2020-04,3.167666666666667,73.79400000000001,15.225666666666667,12.093000000000002
Montenegro,2020-05,2.731379310344828,71.1703448275862,17.322413793103447,8.85448275862069
Netherlands,2019-01,24.52032258064516,40.3116129032258,16.30193548387097,10.850967741935486
Netherlands,2019-02,33.96964285714286,27.742142857142856,21.073928571428574,16.055714285714284
Netherlands,2019-03,20.391290322580648,55.52451612903228,17.453548387096777,11.209032258064516
Netherlands,2019-04,16.448666666666668,67.71266666666666,19.111333333333334,14.876666666666663
Netherlands,2019-05,15.921290322580647,62.97032258064517,14.497096774193546,9.837741935483871
Netherlands,2019-06,15.818000000000001,66.03666666666666,14.925999999999998,10.172333333333333
Netherlands,2019-07,15.718064516129035,58.484838709677426,15.65032258064516,9.645483870967741
Netherlands,2019-08,18.116451612903226,56.40322580645164,16.395806451612902,10.568387096774194
Netherlands,2019-09,18.57533333333333,41.807,11.827000000000002,6.5169999999999995
Netherlands,2019-10,21.585806451612903,34.36290322580645,11.351612903225808,7.264193548387096
Netherlands,2019-11,29.50900000000001,22.977000000000007,13.462333333333333,9.676333333333336
Netherlands,2019-12,27.970322580645167,32.27903225806452,14.52225806451613,9.517096774193549
Netherlands,2020-01,27.924516129032263,35.11290322580644,15.99741935483871,10.621290322580645
Netherlands,2020-02,17.18241379310345,57.54034482758621,14.827241379310347,7.056551724137932
Netherlands,2020-03,17.056129032258063,57.95,15.168387096774193,9.103548387096776
Netherlands,2020-04,17.361,62.78166666666667,17.817333333333337,10.75166666666667
Netherlands,2020-05,16.08758620689655,63.94068965517241,14.427241379310347,8.054827586206896
Norway,2019-01,15.023225806451611,45.949354838709674,12.273225806451613,10.564193548387097
Norway,2019-02,17.37071428571429,40.073928571428574,14.161785714285712,11.08392857142857
Norway,2019-03,12.776129032258064,56.95129032258064,10.827741935483871,7.932903225806452
Norway,2019-04,9.487333333333336,77.00200000000001,17.122,13.131666666666668
Norway,2019-05,7.240645161290322,68.70548387096774,7.758709677419354,5.79516129032258
Norway,2019-06,8.094666666666667,62.151666666666664,9.51966666666667,7.081666666666666
Norway,2019-07,6.695483870967741,53.57483870967743,8.114838709677421,6.560322580645162
Norway,2019-08,8.216129032258063,55.131935483870954,9.58225806451613,7.1651612903225805
Norway,2019-09,8.474666666666668,44.03066666666666,6.061666666666667,4.680000000000001
Norway,2019-10,12.258709677419358,34.75612903225807,7.7287096774193556,5.730967741935484
Norway,2019-11,10.973333333333331,34.548666666666676,6.999333333333336,5.503000000000001
Norway,2019-12,16.560645161290317,34.479032258064514,10.572258064516127,7.909354838709677
Norway,2020-01,12.851612903225808,46.84548387096775,10.628709677419351,6.919032258064518
Norway,2020-02,10.152413793103447,60.03413793103447,10.610689655172413,6.006206896551724
Norway,2020-03,9.67,63.02548387096773,11.708064516129031,7.920967741935483
Norway,2020-04,6.905333333333334,69.846,8.511666666666667,4.999333333333334
Norway,2020-05,6.1000000000000005,65.19655172413792,6.098965517241379,3.540344827586207
Poland,2019-01,23.102903225806443,34.9225806451613,21.690322580645162,18.25483870967742
Poland,2019-02,21.449285714285715,39.244285714285716,27.01785714285714,21.05214285714286
Poland,2019-03,15.269354838709678,50.47225806451613,19.1658064516129,14.317741935483873
Poland,2019-04,10.369,64.455,19.450666666666667,14.315333333333339
Poland,2019-05,10.606129032258066,56.69645161290323,13.107741935483869,10.203870967741937
Poland,2019-06,7.8933333333333335,77.464,15.389999999999997,11.904666666666667
Poland,2019-07,7.4554838709677425,55.744838709677424,12.812258064516127,10.007096774193549
Poland,2019-08,10.120322580645162,63.0732258064516,16.552258064516124,12.420322580645161
Poland,2019-09,11.325666666666672,43.782,14.809000000000001,10.12833333333333
Poland,2019-10,17.807419354838704,29.981290322580644,21.246774193548397,15.003870967741932
Poland,2019-11,16.715666666666667,21.592666666666666,18.841,14.156666666666665
Poland,2019-12,19.105161290322577,24.375806451612902,19.21322580645161,14.050645161290323
Poland,2020-01,22.460645161290323,27.647096774193553,23.7758064516129,17.401935483870968
Poland,2020-02,17.32655172413793,43.12413793103447,17.704137931034477,12.774482758620687
Poland,2020-03,16.75903225806452,50.78677419354839,22.49548387096774,16.94709677419355
Poland,2020-04,12.983000000000002,62.894666666666666,18.445333333333338,13.046333333333335
Poland,2020-05,10.54689655172414,57.60931034482757,12.107931034482762,8.780344827586209
Portugal,2019-01,19.432258064516127,44.924193548387095,18.610645161290332,12.536774193548387
Portugal,2019-02,19.744285714285713,52.34321428571428,26.579642857142854,17.022142857142857
Portugal,2019-03,12.513870967741935,71.23387096774194,17.384516129032257,11.203548387096772
Portugal,2019-04,9.256333333333332,79.71700000000003,15.353666666666665,8.671999999999999
Portugal,2019-05,9.210967741935484,74.66967741935483,14.501935483870968,8.888709677419351
Portugal,2019-06,7.103,66.20433333333334,11.631333333333338,6.904666666666666
Portugal,2019-07,6.346129032258064,65.0425806451613,16.458709677419353,9.56516129032258
Portugal,2019-08,6.705483870967743,61.769677419354856,14.267096774193552,8.422258064516129
Portugal,2019-09,10.382000000000001,64.65733333333334,17.479333333333333,10.437333333333333
Portugal,2019-10,11.277096774193545,52.190645161290334,14.44483870967742,8.433225806451611
Portugal,2019-11,9.024,54.547000000000004,16.938666666666666,7.222333333333333
Portugal,2019-12,13.905161290322583,44.45645161290323,18.03774193548387,10.591290322580644
Portugal,2020-01,15.073870967741936,45.58483870967741,20.105161290322584,13.016774193548386
Portugal,2020-02,17.103103448275867,43.08000000000001,21.8348275862069,15.02655172413793
Portugal,2020-03,9.683548387096772,66.72322580645161,18.143225806451614,11.02290322580645
Portugal,2020-04,9.391333333333334,71.86899999999999,14.532666666666666,9.574666666666667
Portugal,2020-05,8.907931034482758,71.47931034482757,15.133793103448278,9.641379310344828
Romania,2019-01,15.049032258064518,38.53580645161289,22.069354838709675,19.966451612903228
Romania,2019-02,14.840714285714284,41.004642857142855,26.7475,23.168571428571433
Romania,2019-03,10.487741935483873,54.58354838709677,19.306774193548385,16.353870967741933
Romania,2019-04,6.816666666666667,69.81533333333331,16.552,14.136333333333335
Romania,2019-05,7.443548387096773,66.16451612903225,13.97903225806452,11.956129032258065
Romania,2019-06,7.306666666666664,64.252,14.710666666666668,12.51933333333333
Romania,2019-07,8.032903225806454,67.53064516129034,15.274838709677415,12.62322580645161
Romania,2019-08,7.636129032258063,73.54,13.982258064516127,11.225806451612902
Romania,2019-09,8.218,60.17366666666666,15.286000000000001,11.115666666666666
Romania,2019-10,13.567419354838709,44.78870967741935,24.277419354838706,19.493870967741934
Romania,2019-11,13.150333333333329,38.28366666666667,18.627000000000002,14.405999999999999
Romania,2019-12,18.281935483870967,24.117419354838706,22.561612903225804,19.284193548387094
Romania,2020-01,22.523225806451613,26.713548387096772,30.559032258064512,27.03516129032258
Romania,2020-02,16.2951724137931,40.40862068965518,18.964827586206898,16.805862068965517
Romania,2020-03,12.592258064516132,45.09483870967742,30.352258064516125,19.126451612903224
Romania,2020-04,9.347000000000001,57.90766666666666,17.127666666666666,13.891
Romania,2020-05,8.91793103448276,51.60827586206898,15.010344827586206,10.386551724137933
Serbia,2019-01,17.206774193548387,30.208064516129028,31.402580645161294,25.401935483870968
Serbia,2019-02,14.906785714285716,30.812857142857137,41.192857142857136,33.999642857142845
Serbia,2019-03,11.08483870967742,42.96451612903226,26.434193548387107,21.548709677419353
Serbia,2019-04,8.754666666666667,52.33733333333334,25.45766666666667,20.393666666666668
Serbia,2019-05,8.549354838709677,48.18483870967742,11.762258064516129,10.256451612903225
Serbia,2019-06,7.156666666666668,52.19466666666666,21.49933333333333,17.31
Serbia,2019-07,6.126451612903225,61.82709677419355,20.560322580645156,17.02516129032258
Serbia,2019-08,5.940967741935484,63.963225806451604,22.081612903225807,16.71322580645161
Serbia,2019-09,7.389666666666668,46.87599999999999,20.89133333333333,15.468333333333334
Serbia,2019-10,12.222903225806451,35.43967741935484,36.01806451612903,27.853870967741933
Serbia,2019-11,6.998666666666669,34.79733333333333,15.051333333333334,11.917666666666667
Serbia,2019-12,10.545806451612902,21.026774193548384,24.27903225806451,19.451612903225808
Serbia,2020-01,17.499354838709678,20.148064516129033,43.97161290322581,37.122580645161285
Serbia,2020-02,9.16655172413793,39.39103448275863,21.812068965517252,17.676206896551726
Serbia,2020-03,7.173548387096774,49.18806451612903,32.9041935483871,21.0983870967742
Serbia,2020-04,6.422666666666668,65.12266666666667,21.983333333333334,17.354333333333333
Serbia,2020-05,5.294827586206896,55.72758620689654,14.233448275862067,10.019310344827586
Slovakia,2019-01,16.78258064516129,44.925161290322585,18.334516129032263,16.066129032258065
Slovakia,2019-02,17.154999999999998,53.441428571428574,24.89678571428572,21.481428571428562
Slovakia,2019-03,11.045806451612904,68.32290322580644,15.99838709677419,13.186129032258064
Slovakia,2019-04,9.149000000000001,78.67833333333331,22.598333333333336,18.167999999999996
Slovakia,2019-05,7.937419354838711,72.62709677419355,11.053548387096773,9.179354838709676
Slovakia,2019-06,7.149,84.91600000000001,19.680333333333337,15.548666666666664
Slovakia,2019-07,6.506451612903224,84.67129032258065,14.881935483870965,11.654838709677422
Slovakia,2019-08,8.034516129032259,77.97935483870968,14.078709677419354,11.36258064516129
Slovakia,2019-09,9.149333333333333,61.05066666666667,12.604999999999999,9.482333333333333
Slovakia,2019-10,12.265806451612905,44.75548387096775,19.498709677419352,14.965161290322579
Slovakia,2019-11,12.777000000000003,33.84366666666666,15.009666666666668,12.025666666666666
Slovakia,2019-12,15.526774193548388,35.261612903225796,17.801935483870967,14.424516129032257
Slovakia,2020-01,20.20322580645162,29.80838709677419,27.080000000000005,22.561935483870975
Slovakia,2020-02,10.055862068965517,57.269999999999996,10.861034482758624,8.811379310344828
Slovakia,2020-03,9.99225806451613,64.62645161290322,19.613225806451617,15.117741935483872
Slovakia,2020-04,8.286333333333333,80.36833333333333,18.931333333333335,13.816
Slovakia,2020-05,6.324137931034482,75.39206896551725,11.782413793103448,8.377931034482756
Slovenia,2019-01,23.466451612903224,33.62483870967743,27.24451612903226,24.946129032258064
Slovenia,2019-02,25.85214285714286,41.73571428571428,35.65321428571429,32.109642857142866
Slovenia,2019-03,15.372903225806452,59.901612903225804,22.608387096774184,19.932580645161288
Slovenia,2019-04,12.926333333333337,62.212,23.012333333333334,19.111666666666665
Slovenia,2019-05,10.698064516129033,60.46645161290322,10.27774193548387,9.083548387096775
Slovenia,2019-06,8.341,71.98466666666668,18.22333333333334,13.283333333333333
Slovenia,2019-07,8.20774193548387,73.52258064516128,13.408064516129036,10.850645161290325
Slovenia,2019-08,8.698064516129032,62.68580645161291,15.55258064516129,12.716129032258063
Slovenia,2019-09,10.041333333333336,51.63166666666667,13.594333333333333,10.828999999999999
Slovenia,2019-10,11.886774193548387,55.403548387096784,18.187419354838706,14.287741935483874
Slovenia,2019-11,16.180333333333333,43.45933333333333,15.879,13.928666666666667
Slovenia,2019-12,22.192580645161282,43.89483870967742,20.68161290322581,18.221290322580643
Slovenia,2020-01,28.372903225806457,41.125161290322595,32.729677419354836,29.111612903225797
Slovenia,2020-02,16.105172413793102,63.55517241379311,22.022758620689658,19.497241379310342
Slovenia,2020-03,12.079999999999998,68.07387096774194,25.168387096774193,19.550645161290323
Slovenia,2020-04,10.324333333333332,84.7,20.543999999999997,17.508999999999997
Slovenia,2020-05,7.3120689655172395,75.77275862068964,10.793793103448273,8.599999999999998
Spain,2019-01,27.48580645161292,34.30537634408602,11.300967741935482,8.796881720430106
Spain,2019-02,30.794523809523817,38.59285714285716,19.83178571428571,14.207023809523808
Spain,2019-03,22.997419354838726,59.1709677419355,15.413440860215053,10.913978494623656
Spain,2019-04,16.810777777777787,73.71622222222223,12.957111111111113,9.193333333333332
Spain,2019-05,17.700215053763444,67.35236559139784,11.104946236559144,7.709784946236563
Spain,2019-06,15.26211111111111,77.59133333333331,15.394333333333334,9.758444444444445
Spain,2019-07,14.845161290322586,77.65645161290323,20.499892473118276,12.02440860215054
Spain,2019-08,14.980107526881719,68.60247311827956,16.166344086021507,9.830967741935485
Spain,2019-09,16.87755555555555,62.21811111111112,15.413444444444442,8.911222222222223
Spain,2019-10,21.14258064516129,45.02870967741936,13.292580645161285,8.263010752688174
Spain,2019-11,16.061444444444433,48.21455555555556,7.8476666666666635,5.132666666666666
Spain,2019-12,24.065161290322575,35.26354838709677,14.253655913978498,9.478387096774192
Spain,2020-01,28.456559139784947,33.62322580645161,20.23709677419355,13.999677419354844
Spain,2020-02,27.70229885057471,34.208275862068966,21.584252873563216,15.359080459770112
Spain,2020-03,16.00860215053764,57.714731182795724,15.545591397849455,10.480537634408604
Spain,2020-04,17.450444444444454,60.27666666666667,14.818666666666665,11.454666666666665
Spain,2020-05,15.111034482758626,62.426896551724155,11.504482758620693,7.8826436781609175
Sweden,2019-01,11.29258064516129,48.06548387096775,6.51258064516129,5.073548387096774
Sweden,2019-02,9.182142857142853,54.32857142857143,8.995000000000003,5.985357142857142
Sweden,2019-03,7.395806451612903,66.55870967741936,7.093870967741935,4.541935483870968
Sweden,2019-04,7.568999999999999,83.929,13.155333333333333,9.723333333333333
Sweden,2019-05,6.1009677419354835,70.42064516129032,6.976451612903227,4.964838709677419
Sweden,2019-06,5.325,73.84866666666666,8.391333333333334,6.059333333333334
Sweden,2019-07,6.395161290322582,53.27903225806452,7.665161290322581,5.838387096774194
Sweden,2019-08,6.814838709677418,59.74741935483871,9.420967741935485,6.213870967741936
Sweden,2019-09,7.297333333333332,50.83566666666666,6.380666666666667,4.274333333333333
Sweden,2019-10,9.172580645161291,41.125806451612895,6.340645161290324,4.041935483870968
Sweden,2019-11,12.258999999999999,36.244666666666674,8.94866666666667,6.623666666666666
Sweden,2019-12,11.18258064516129,43.251935483870966,7.846774193548389,5.179032258064517
Sweden,2020-01,8.694193548387096,53.588387096774184,7.6816129032258065,4.641935483870968
Sweden,2020-02,7.627586206896551,58.888275862068966,7.311034482758621,4.407241379310346
Sweden,2020-03,7.295483870967745,62.72225806451614,8.197096774193549,5.7609677419354846
Sweden,2020-04,5.463333333333333,67.42333333333333,6.246666666666667,3.9103333333333334
Sweden,2020-05,7.047241379310344,55.193448275862075,5.3196551724137935,3.303103448275862
Switzerland,2019-01,13.58935483870968,45.32967741935484,10.707741935483869,9.102258064516128
Switzerland,2019-02,15.974642857142857,48.540357142857154,14.701785714285718,11.575714285714287
Switzerland,2019-03,7.273225806451614,68.71354838709676,10.20741935483871,7.8441935483870955
Switzerland,2019-04,8.127,69.83266666666665,14.962000000000002,12.162333333333335
Switzerland,2019-05,5.817741935483872,73.2509677419355,10.142258064516128,8.253870967741936
Switzerland,2019-06,5.7553333333333345,76.75033333333333,11.998666666666663,8.399999999999999
Switzerland,2019-07,5.397419354838709,81.35741935483871,14.086451612903227,10.215806451612902
Switzerland,2019-08,6.08,64.86322580645164,11.44258064516129,8.531290322580647
Switzerland,2019-09,7.12,55.795666666666655,11.288,7.5243333333333355
Switzerland,2019-10,10.564838709677419,35.90903225806453,8.963870967741936,6.252903225806452
Switzerland,2019-11,14.033333333333335,34.21133333333333,8.505,6.744
Switzerland,2019-12,14.551612903225807,41.93967741935485,9.251612903225807,6.96709677419355
Switzerland,2020-01,17.940000000000005,37.68354838709677,14.271935483870966,9.848064516129032
Switzerland,2020-02,8.661724137931035,63.09379310344828,8.20689655172414,5.8455172413793095
Switzerland,2020-03,8.455483870967743,61.278387096774196,13.86258064516129,10.172258064516129
Switzerland,2020-04,7.009333333333333,74.24500000000003,18.238666666666667,13.648666666666665
Switzerland,2020-05,5.852758620689656,68.95793103448274,9.148620689655173,6.886206896551723
Turkey,2019-01,24.367741935483878,46.64419354838711,19.726129032258065,16.509354838709676
Turkey,2019-02,27.553214285714283,46.57785714285713,26.49535714285715,21.943214285714284
Turkey,2019-03,23.580967741935485,56.36483870967741,21.995806451612903,18.77225806451613
Turkey,2019-04,21.700666666666667,61.619666666666674,27.473999999999997,21.611
Turkey,2019-05,18.491935483870968,66.52322580645162,30.987419354838707,22.65774193548387
Turkey,2019-06,11.417666666666667,59.31700000000001,23.213000000000008,17.929333333333336
Turkey,2019-07,6.909354838709679,72.98548387096773,14.088709677419358,11.781935483870969
Turkey,2019-08,6.8667741935483875,73.59129032258066,20.152903225806455,11.491612903225807
Turkey,2019-09,11.382666666666667,65.025,18.401000000000003,14.047999999999998
Turkey,2019-10,19.596451612903227,54.530322580645155,25.80677419354839,20.486129032258066
Turkey,2019-11,23.159333333333336,46.760666666666665,34.019666666666666,27.34666666666667
Turkey,2019-12,25.257096774193542,36.00774193548387,26.937096774193545,23.203225806451613
Turkey,2020-01,23.33709677419355,46.34516129032259,26.476774193548387,22.34967741935484
Turkey,2020-02,17.02068965517241,62.10275862068967,21.264827586206895,18.24137931034483
Turkey,2020-03,13.89774193548387,67.72774193548385,28.40096774193548,22.77806451612903
Turkey,2020-04,11.830666666666668,73.33966666666667,23.435333333333332,19.340999999999998
Turkey,2020-05,12.294827586206896,70.66758620689657,32.41724137931035,18.91551724137931
United Kingdom,2019-01,24.149516129032257,42.68951612903227,15.473870967741933,9.96677419354839
United Kingdom,2019-02,28.60160714285714,41.321785714285724,21.30857142857142,15.851785714285711
United Kingdom,2019-03,17.76096774193548,61.93209677419354,16.58983870967742,10.740645161290324
United Kingdom,2019-04,20.767333333333333,68.25683333333333,25.277166666666663,19.650166666666674
United Kingdom,2019-05,16.130322580645156,65.07161290322581,13.818387096774195,9.488870967741935
United Kingdom,2019-06,12.952500000000002,64.63733333333333,12.782666666666666,7.9925000000000015
United Kingdom,2019-07,11.930161290322582,60.16500000000001,12.744677419354835,8.005483870967744
United Kingdom,2019-08,12.990645161290326,62.18177419354839,14.861451612903222,9.507419354838706
United Kingdom,2019-09,13.307333333333334,51.84266666666665,10.727166666666669,5.760333333333335
United Kingdom,2019-10,16.17967741935484,47.175161290322585,11.194193548387096,6.425645161290323
United Kingdom,2019-11,20.575333333333337,40.45983333333333,12.169500000000003,7.440666666666667
United Kingdom,2019-12,19.45241935483871,47.069999999999986,12.69951612903226,7.0919354838709685
United Kingdom,2020-01,19.846129032258062,48.818548387096776,14.894193548387095,8.481129032258064
United Kingdom,2020-02,11.578965517241375,66.5291379310345,13.211034482758617,6.01551724137931
United Kingdom,2020-03,12.951774193548387,67.02806451612905,14.67709677419355,8.220483870967742
United Kingdom,2020-04,17.9455,67.69399999999999,20.395333333333344,13.158500000000002
United Kingdom,2020-05,14.394827586206892,69.68155172413793,13.969655172413795,8.006206896551724
