Country,Date,COCL,COEM,COLS,COPD,COSC,LWI,TO3,Var_COCL,Var_COEM,Var_COLS,Var_COPD,Var_COSC,Var_LWI,Var_TO3
Austria,201901,0.00052217644,5.2215263e-11,2.130699e-11,5.2717713e-12,107.294075,0.9999939,332.40884,5.4041827e-10,6.9557666e-28,4.0904974e-24,2.1660355e-25,527.91626,-3.722289e-11,1222.4336
Bulgaria,201901,0.0006045318,8.269609e-11,3.923956e-11,1.1001666e-11,113.75886,0.9999939,341.49298,7.5443485e-10,6.65716e-23,7.133116e-24,1.269314e-24,334.50278,-3.722289e-11,978.8043
Cyprus,201901,0.00059760467,1.4871522e-10,5.958477e-11,1.9645681e-11,94.4257,0.9167252,305.65863,4.373992e-10,2.4329632e-26,9.375241e-24,1.207587e-24,47.345406,8.456168e-09,785.3675
Czech Republic,201901,0.0006154364,1.7012135e-10,2.177097e-11,5.48942e-12,131.08618,0.9999939,340.81232,8.0829826e-10,5.0434563e-28,6.953719e-24,2.5713298e-25,596.02234,-3.722289e-11,1151.0533
Estonia,201901,0.0006380527,1.6174933e-11,9.3608645e-12,2.2614347e-12,106.662506,0.9999939,374.64996,1.5200797e-09,2.6961476e-28,3.8502727e-24,1.2840298e-25,271.30743,-3.722289e-11,2523.6577
France,201901,0.00056703395,2.855465e-11,3.511119e-11,1.0216282e-11,95.81483,0.9999939,315.19217,6.465581e-10,9.4196525e-26,5.8265763e-24,3.9676087e-25,180.34047,-3.722289e-11,1611.2158
Germany,201901,0.0006090712,1.00464324e-10,2.220764e-11,5.749967e-12,121.656456,0.9999939,336.80597,8.810675e-10,8.708368e-28,8.24095e-24,3.005337e-25,665.05975,-3.722289e-11,1714.8175
Greece,201901,0.00055132376,4.138155e-11,4.378858e-11,1.28057035e-11,96.02888,0.9999939,334.66504,7.3790435e-10,4.779986e-25,9.594584e-24,1.2982887e-24,148.54712,-3.722289e-11,1234.2467
Hungary,201901,0.0006545789,2.1642674e-10,2.853232e-11,7.301519e-12,141.49945,0.9999939,342.7284,1.1828429e-09,2.6629448e-27,8.114126e-24,3.581297e-25,825.91736,-3.722289e-11,907.59033
Latvia,201901,0.00064038223,1.1901728e-10,1.067056e-11,2.5878201e-12,114.9396,0.81152093,367.70514,1.2600979e-09,5.6486707e-28,3.8589206e-24,1.3833682e-25,338.05054,0.03649116,1983.8116
Lithuania,201901,0.0006396529,1.1830766e-10,1.3692339e-11,3.3349788e-12,120.63592,0.9999939,359.45782,1.1394082e-09,2.1249762e-27,4.5135813e-24,1.6299854e-25,523.3459,-3.722289e-11,1404.956
Luxembourg,201901,0.0006026182,2.3358573e-10,2.6141353e-11,7.0457308e-12,136.39137,0.9999939,328.4721,7.652708e-10,2.1619254e-23,8.233839e-24,2.9506975e-25,1257.4581,-3.722289e-11,1616.4618
Malta,201901,0.00062568794,1.7656987e-11,6.091111e-11,1.999252e-11,88.45673,0.0,325.09708,8.471649e-10,0.0,1.1520946e-23,9.904985e-25,54.01576,0.0,1542.0587
Netherlands,201901,0.00064984546,6.1583794e-10,2.2993706e-11,6.2776117e-12,167.84668,0.9999939,330.26318,1.5160646e-09,2.2917465e-26,9.982196e-24,3.2764512e-25,6147.388,-3.722289e-11,1545.0626
Poland,201901,0.0006379761,1.8155788e-10,1.8556271e-11,4.6525605e-12,137.38911,0.9999939,346.52863,1.1596507e-09,0.0,6.075912e-24,1.738816e-25,1572.8195,-3.722289e-11,1006.4285
Portugal,201901,0.00058970484,3.99797e-11,5.466886e-11,2.0610902e-11,90.01556,0.9999939,290.33868,6.747239e-10,5.6970747e-22,1.5913409e-23,1.593783e-24,100.20128,-3.722289e-11,182.53363
Romania,201901,0.0005947813,5.1722602e-11,2.632596e-11,6.7436547e-12,119.4007,0.9999939,341.00604,7.5537954e-10,2.4190986e-27,3.4791795e-24,5.0988133e-25,242.13509,-3.722289e-11,835.90533
Slovakia,201901,0.0006081663,3.899871e-11,2.3666335e-11,6.01505e-12,122.1179,0.9999939,342.53674,7.0624434e-10,9.666625e-28,4.5809287e-24,2.2948102e-25,744.3249,-3.722289e-11,848.39136
Slovenia,201901,0.00060788536,1.679723e-10,3.1083684e-11,8.005234e-12,129.05624,0.9999939,334.42578,9.0202934e-10,0.0,1.04364404e-23,4.221359e-25,554.7524,-3.722289e-11,1212.7684
Spain,201901,0.0005533143,1.2568336e-09,4.879376e-11,1.6539032e-11,143.47897,0.9999939,292.753,5.5560484e-10,2.1906083e-25,1.3637193e-23,1.13514e-24,2403.967,-3.722289e-11,266.00797
Sweden,201901,0.0006342875,2.0584423e-11,7.955578e-12,1.981192e-12,111.03694,0.78684926,370.3193,1.4768224e-09,0.0,4.8126073e-24,1.3107466e-25,787.93866,0.0005483832,2592.0583
Ireland,201901,0.0006082353,1.6966385e-11,1.8203869e-11,5.306613e-12,84.82069,0.9999939,315.5038,6.232886e-10,7.821728e-26,9.1818416e-24,4.6841427e-25,45.94617,-3.722289e-11,1471.9684
Italy,201901,0.0006212496,5.8481825e-10,5.0410055e-11,1.4901991e-11,125.1788,0.9999939,329.16254,6.8403677e-10,7.1391936e-24,1.961009e-23,1.6605536e-24,363.713,-3.722289e-11,1540.1017
Denmark,201901,0.00062975194,1.0511265e-10,1.38156145e-11,3.669879e-12,105.7877,0.9999939,345.5067,1.2060741e-09,1.7652096e-28,7.74494e-24,2.196666e-25,771.1376,-3.722289e-11,2048.1106
Finland,201901,0.00062612153,4.4745856e-11,5.7766947e-12,1.366847e-12,112.40272,0.9999939,392.01538,1.0259168e-09,1.9689569e-25,2.4882365e-24,7.6350784e-26,667.5431,-3.722289e-11,3160.4734
Belgium,201901,0.000635819,7.168065e-10,2.8695114e-11,7.921012e-12,168.42384,0.9999939,326.73376,1.0660616e-09,3.6151495e-26,9.7577834e-24,3.4364874e-25,2714.0752,-3.722289e-11,1596.8489
Croatia,201901,0.0006042942,3.5723396e-11,3.500352e-11,9.275619e-12,113.55788,0.99441576,333.59778,7.0290473e-10,5.706756e-22,1.0158474e-23,5.982548e-25,290.23398,1.255986e-08,1294.662
Austria,201902,0.00053157704,5.2480686e-11,3.4027225e-11,9.8518e-12,98.546036,0.99999505,322.5209,6.844735e-10,3.8052847e-26,5.5219695e-23,6.966558e-24,346.5214,-2.4396596e-11,1774.4662
Bulgaria,201902,0.0006123481,1.463353e-10,5.555243e-11,1.6488672e-11,114.00639,0.99999505,343.45532,1.6937206e-09,2.5685396e-20,1.1101295e-22,5.3495084e-24,410.74234,-2.4396596e-11,3134.02
Cyprus,201902,0.00060390163,1.4978647e-10,7.042722e-11,2.3977532e-11,96.15004,0.9167249,321.35672,1.1788851e-09,2.9471276e-25,2.66036e-23,2.5799516e-24,55.662647,8.223374e-09,1417.0311
Czech Republic,201902,0.0006285433,1.7547166e-10,3.6514992e-11,1.07846145e-11,144.8766,0.99999505,327.9902,1.0096988e-09,2.595169e-22,6.965942e-23,9.106173e-24,917.1898,-2.4396596e-11,1814.3982
Estonia,201902,0.0006529261,1.6158503e-11,1.875126e-11,5.0530196e-12,114.49732,0.99999505,359.8883,1.2711254e-09,3.0520867e-27,1.5773408e-23,1.9669884e-24,598.4262,-2.4396596e-11,1935.0709
France,201902,0.0005794715,3.269552e-11,4.9009113e-11,1.6271057e-11,94.93699,0.99999505,310.0737,8.7871255e-10,6.819657e-23,6.535247e-23,1.5846654e-23,135.31342,-2.4396596e-11,1520.1089
Germany,201902,0.0006222572,1.010544e-10,3.838487e-11,1.1746731e-11,134.89497,0.99999505,326.11945,1.0618316e-09,3.5009092e-25,6.995102e-23,1.19905674e-23,1048.5068,-2.4396596e-11,2074.0547
Greece,201902,0.00056480506,4.5792977e-11,6.1778305e-11,1.8786361e-11,99.08035,0.99999505,344.7729,1.2487145e-09,5.0510673e-24,9.091241e-23,5.1332635e-24,93.04102,-2.4396596e-11,2829.7107
Hungary,201902,0.00065903645,2.9838998e-10,4.222897e-11,1.2396013e-11,142.5747,0.99999505,334.97394,1.208338e-09,5.6536845e-20,7.7972015e-23,7.746075e-24,1019.16656,-2.4396596e-11,1902.2565
Latvia,201902,0.00065287907,1.1898951e-10,2.0465395e-11,5.5947634e-12,121.285034,0.7527889,355.113,9.99012e-10,4.5829922e-27,2.0174868e-23,2.352707e-24,546.21466,0.0116321435,2059.6208
Lithuania,201902,0.0006516705,1.1883726e-10,2.4342198e-11,6.755393e-12,125.80485,0.99999505,351.59726,8.452619e-10,1.0171815e-23,3.0875748e-23,3.2513518e-24,676.2417,-2.4396596e-11,2181.7532
Luxembourg,201902,0.00061424763,2.3619068e-10,4.2074313e-11,1.3332455e-11,162.12823,0.99999505,323.35043,1.1109904e-09,9.417446e-23,6.4158423e-23,1.3641868e-23,3215.6719,-2.4396596e-11,2380.7493
Malta,201902,0.0006385028,1.7662063e-11,7.488723e-11,2.5040131e-11,95.539825,0.0,330.6687,1.1448095e-09,1.0303489e-29,8.0423965e-23,4.6117763e-24,72.78974,0.0,1752.1223
Netherlands,201902,0.0006648926,6.170434e-10,3.9881515e-11,1.2615024e-11,193.37251,0.99999505,328.5421,1.4113388e-09,3.5648423e-24,7.438957e-23,1.3849595e-23,6835.054,-2.4396596e-11,2478.1633
Poland,201902,0.0006498174,1.8182382e-10,3.0226762e-11,8.7324835e-12,144.85526,0.99999505,341.76712,8.693705e-10,1.5672431e-25,4.7805088e-23,5.3524212e-24,1290.0457,-2.4396596e-11,1867.3275
Portugal,201902,0.00059582095,4.5372574e-11,7.205216e-11,2.7944529e-11,92.68801,0.99999505,288.39655,6.7261874e-10,1.361837e-23,8.087605e-23,1.9198621e-23,47.399536,-2.4396596e-11,1128.7264
Romania,201902,0.00059194665,5.2299224e-11,3.835108e-11,1.097672e-11,112.52769,0.99999505,340.61276,1.1893277e-09,7.5127065e-25,6.705762e-23,4.09903e-24,263.3138,-2.4396596e-11,2788.4248
Slovakia,201902,0.0006162055,4.3711024e-11,3.517456e-11,1.0319711e-11,117.69092,0.99999505,335.46622,8.880737e-10,1.04013046e-22,5.020151e-23,5.8930852e-24,414.66626,-2.4396596e-11,1875.0012
Slovenia,201902,0.0006089347,1.6810536e-10,4.7486036e-11,1.4362266e-11,122.85963,0.99999505,327.59048,1.0814796e-09,3.7233014e-25,1.0940632e-22,1.3655073e-23,581.6753,-2.4396596e-11,1600.5895
Spain,201902,0.0005645347,1.2639635e-09,6.656106e-11,2.3422642e-11,158.34149,0.99999505,296.8319,6.1102695e-10,1.3900076e-22,9.2367484e-23,1.6718864e-23,2003.7358,-2.4396596e-11,1300.2682
Sweden,201902,0.00065885513,2.0596858e-11,1.8057295e-11,4.9313205e-12,121.26602,0.78420997,358.63007,1.3212035e-09,2.6190182e-28,1.7387783e-23,2.4336826e-24,757.1706,0.0026682597,2116.275
Ireland,201902,0.0006256064,1.8135589e-11,3.5207053e-11,1.1022462e-11,92.30462,0.99999505,334.25772,9.201277e-10,1.6420285e-25,4.9454122e-23,1.0466203e-23,97.43933,-2.4396596e-11,2848.9307
Italy,201902,0.00062814174,5.896767e-10,7.125678e-11,2.356361e-11,131.55988,0.99999505,327.06738,9.930975e-10,1.2985277e-22,1.1713086e-22,1.4250084e-23,851.1905,-2.4396596e-11,1121.0286
Denmark,201902,0.0006524434,1.0513089e-10,2.8456432e-11,8.4963946e-12,129.2936,0.99999505,339.39734,5.8953453e-10,1.0087116e-27,5.1286148e-23,8.463884e-24,2099.524,-2.4396596e-11,2723.287
Finland,201902,0.0006418192,4.2704125e-11,1.3295919e-11,3.4247544e-12,110.50793,0.99999505,372.95215,1.2430553e-09,1.7361045e-25,8.589481e-24,1.0242353e-24,394.06863,-2.4396596e-11,1764.6497
Belgium,201902,0.00063752837,7.1796485e-10,4.5653214e-11,1.4789142e-11,150.61545,0.99999505,325.38782,1.3248145e-09,3.5160453e-25,7.4602645e-23,1.632164e-23,2430.8628,-2.4396596e-11,2480.8435
Croatia,201902,0.0006049585,8.091756e-11,5.120805e-11,1.57639e-11,113.50781,0.99441797,328.132,9.335622e-10,2.4067332e-20,1.0680322e-22,1.1805743e-23,380.03506,1.3756789e-08,1517.9233
Austria,201903,0.00054045627,5.4617356e-11,7.338434e-11,2.158666e-11,98.010765,1.000009,346.1357,9.784841e-10,3.1009834e-24,2.8939876e-22,2.714276e-23,258.75626,-7.945089e-11,1341.2334
Bulgaria,201903,0.0006173732,1.0457073e-10,9.6896983e-11,3.147686e-11,111.390465,1.000009,338.47916,9.970241e-10,9.601734e-22,2.9273982e-22,3.059966e-23,244.82016,-7.945089e-11,804.5141
Cyprus,201903,0.0005891028,1.5226702e-10,9.17928e-11,3.39901e-11,91.2594,0.91665065,332.38812,4.1056705e-10,5.6414086e-25,1.0063855e-22,1.3622033e-23,35.6142,3.8425516e-09,968.19403
Czech Republic,201903,0.0006282996,1.7548274e-10,7.97292e-11,2.3886258e-11,115.45246,1.000009,359.2961,1.1640343e-09,2.785588e-23,3.5312148e-22,3.8520504e-23,557.675,-7.945089e-11,2011.4467
Estonia,201903,0.00063931424,1.7629941e-11,4.3298604e-11,1.1854129e-11,96.58494,1.000009,393.93274,6.4986105e-10,2.4806834e-24,1.204613e-22,1.3925588e-23,65.55976,-7.945089e-11,2888.733
France,201903,0.0005856074,6.32346e-11,8.94673e-11,2.95098e-11,92.12492,1.000009,336.05197,7.470765e-10,1.26962805e-20,2.2580703e-22,2.6228357e-23,131.23416,-7.945089e-11,910.375
Germany,201903,0.0006202105,1.07045324e-10,8.0310314e-11,2.4098562e-11,110.27947,1.000009,360.9982,1.1671558e-09,2.1295751e-23,3.0211146e-22,3.4637497e-23,353.3171,-7.945089e-11,2240.6826
Greece,201903,0.0005544642,6.2648706e-11,9.1309516e-11,3.1538862e-11,94.77389,1.000009,332.56186,7.32135e-10,3.2323226e-22,1.9884328e-22,1.4303099e-23,140.89236,-7.945089e-11,1021.17065
Hungary,201903,0.0006586137,2.4103328e-10,8.765887e-11,2.7691845e-11,121.109764,1.000009,351.02884,9.066887e-10,3.9868437e-21,4.0498662e-22,4.7634274e-23,664.6762,-7.945089e-11,1341.4634
Latvia,201903,0.0006420327,1.2053006e-10,4.7747757e-11,1.3326979e-11,101.161934,0.73517245,391.64468,6.7312106e-10,2.580286e-24,1.6288832e-22,1.8391704e-23,99.18997,0.0032007028,2874.532
Lithuania,201903,0.0006431533,1.2189613e-10,5.6741938e-11,1.6210458e-11,103.00014,1.000009,384.62762,7.343777e-10,1.466177e-23,2.3214212e-22,2.7164974e-23,148.48157,-7.945089e-11,2827.3245
Luxembourg,201903,0.0006166536,2.420674e-10,8.295012e-11,2.5229003e-11,119.31753,1.000009,352.44455,1.4638667e-09,1.5233129e-22,3.1564773e-22,3.0961705e-23,1075.5076,-7.945089e-11,1945.6907
Malta,201903,0.0006238533,1.7665468e-11,1.00501725e-10,3.7587287e-11,93.36264,0.0,318.58136,1.3582898e-09,7.8804005e-30,2.1990688e-22,1.3519404e-23,137.5643,0.0,827.0002
Netherlands,201903,0.0006569207,6.1993066e-10,8.0063234e-11,2.4692505e-11,138.51173,1.000009,361.21222,1.9491573e-09,2.3847721e-23,3.1495381e-22,3.4829414e-23,2997.5632,-7.945089e-11,2510.9248
Poland,201903,0.00064115593,1.871432e-10,6.7116916e-11,2.0067052e-11,108.961784,1.000009,369.78812,8.136917e-10,2.4259024e-23,3.0313067e-22,3.5987128e-23,229.3197,-7.945089e-11,2310.5498
Portugal,201903,0.0006086054,7.087859e-11,1.130786e-10,4.401304e-11,94.73086,1.000009,315.61087,1.0411993e-09,1.6126592e-21,2.4017273e-22,2.538049e-23,321.1446,-7.945089e-11,1463.3218
Romania,201903,0.0006030982,1.178394e-10,7.97207e-11,2.4636501e-11,108.51534,1.000009,349.23428,5.914451e-10,1.3133328e-20,3.1936167e-22,3.721376e-23,236.11562,-7.945089e-11,1110.1643
Slovakia,201903,0.00062075304,5.020701e-11,7.580353e-11,2.3267666e-11,104.98873,1.000009,355.3981,8.6016627e-10,1.0688063e-22,3.452217e-22,4.1145997e-23,285.3087,-7.945089e-11,1565.4166
Slovenia,201903,0.0006172243,1.7026437e-10,9.915166e-11,3.1293225e-11,114.90523,1.000009,345.95575,1.303412e-09,4.845319e-23,3.88264e-22,4.0815442e-23,356.3794,-7.945089e-11,1172.1719
Spain,201903,0.00057256635,1.279579e-09,1.0642452e-10,3.768284e-11,140.40327,1.000009,315.71558,6.3232364e-10,4.804396e-22,2.3893468e-22,2.1160194e-23,1943.3346,-7.945089e-11,1229.6837
Sweden,201903,0.00064373383,2.0774894e-11,4.206588e-11,1.1521337e-11,104.77282,0.77519476,390.51965,7.526472e-10,2.1069144e-26,1.1442408e-22,1.3757444e-23,406.8798,8.3934436e-05,2648.9136
Ireland,201903,0.00062680355,2.0004987e-11,6.726372e-11,2.1468107e-11,85.78634,1.000009,360.5127,1.1457185e-09,5.5777115e-25,1.378228e-22,2.157132e-23,46.308697,-7.945089e-11,3139.4812
Italy,201903,0.0006253339,5.990685e-10,1.1418124e-10,4.0259233e-11,126.228004,1.000009,336.91202,1.0179199e-09,3.2312662e-22,3.5109059e-22,3.348793e-23,939.77765,-7.945089e-11,1102.8109
Denmark,201903,0.0006345784,1.0544913e-10,6.3322805e-11,1.9119113e-11,96.20971,1.000009,376.4727,1.1701499e-09,6.8328747e-26,2.4326534e-22,2.9444113e-23,164.54681,-7.945089e-11,2657.3816
Finland,201903,0.00062706677,4.3503093e-11,3.249081e-11,8.434623e-12,99.50253,1.000009,395.01025,7.0472017e-10,1.7777708e-24,9.043864e-23,9.1740745e-24,105.32163,-7.945089e-11,2728.9036
Belgium,201903,0.00064625725,7.2320233e-10,8.8414207e-11,2.7377219e-11,137.3493,1.000009,353.78152,1.9759352e-09,3.3372025e-23,3.6305777e-22,3.4672838e-23,2710.239,-7.945089e-11,2084.9612
Croatia,201903,0.0006114808,7.7308465e-11,9.773065e-11,3.1646016e-11,108.07872,0.99442846,343.89258,1.1066896e-09,1.5656458e-20,2.8167694e-22,3.390314e-23,539.52637,8.941917e-09,1073.8392
Austria,201904,0.00056287705,6.4478436e-11,1.2930597e-10,3.903388e-11,111.775635,1.0000064,354.74158,6.5210093e-10,1.5858575e-23,3.8351585e-22,4.7222448e-23,293.04968,-4.1264103e-11,647.57733
Bulgaria,201904,0.0006300942,1.2004596e-10,1.6483835e-10,5.4210775e-11,106.66225,1.0000064,361.00153,8.738239e-10,8.119146e-22,6.5952583e-22,1.1951897e-22,110.73082,-4.1264103e-11,495.43436
Cyprus,201904,0.000616358,1.5481115e-10,1.3866149e-10,5.2077904e-11,95.03059,0.9166337,347.30768,2.6031594e-10,7.661617e-25,2.3056067e-22,7.957054e-23,87.85239,3.261831e-09,877.2152
Czech Republic,201904,0.00065989624,2.0445773e-10,1.501542e-10,4.697838e-11,122.767975,1.0000064,354.03583,7.440956e-10,1.8194289e-22,6.7282595e-22,8.922255e-23,366.46503,-4.1264103e-11,892.3771
Estonia,201904,0.00071431923,3.1080798e-11,1.0423202e-10,2.9641144e-11,111.84814,1.0000064,357.13705,2.3434308e-09,1.01883917e-22,4.718817e-22,5.871291e-23,657.37085,-4.1264103e-11,1442.3448
France,201904,0.0006112499,6.8077335e-11,1.343224e-10,4.310458e-11,99.2443,1.0000064,367.91766,1.5413987e-09,1.3404482e-22,3.606829e-22,5.0298267e-23,193.93199,-4.1264103e-11,393.52875
Germany,201904,0.00065417204,1.3543702e-10,1.4310585e-10,4.4450978e-11,121.627174,1.0000064,361.86655,7.453145e-10,2.74679e-22,4.3755487e-22,7.9746246e-23,362.80304,-4.1264103e-11,1222.9406
Greece,201904,0.0005871792,9.043867e-11,1.3917154e-10,4.6816218e-11,99.30504,1.0000064,353.167,1.0317261e-09,9.420997e-22,2.719414e-22,6.609692e-23,130.37265,-4.1264103e-11,625.4389
Hungary,201904,0.0006875395,2.477053e-10,1.7061084e-10,5.4762375e-11,123.966545,1.0000064,357.00687,1.1274874e-09,2.1179918e-22,8.3540415e-22,1.0893079e-22,380.01923,-4.1264103e-11,645.4982
Latvia,201904,0.0007174236,1.402365e-10,1.1622539e-10,3.3273016e-11,118.13634,0.7288869,363.53943,2.3806188e-09,7.1641465e-22,5.3415334e-22,7.224748e-23,750.173,-4.3699921e-10,1668.8453
Lithuania,201904,0.00071015913,1.5660172e-10,1.35043e-10,3.9412213e-11,122.75539,1.0000064,355.16614,1.6457764e-09,1.8563985e-21,6.010434e-22,9.2397915e-23,764.87646,-4.1264103e-11,1030.8553
Luxembourg,201904,0.00064924516,2.5344649e-10,1.4039912e-10,4.3166297e-11,135.93527,1.0000064,369.91528,1.5602281e-09,7.0929867e-23,4.523835e-22,7.553221e-23,1321.1218,-4.1264103e-11,884.3384
Malta,201904,0.0006527271,1.7672619e-11,1.4439908e-10,5.4909653e-11,91.687225,0.0,340.50452,1.2746767e-09,8.0779355e-30,2.4923112e-22,7.228696e-23,57.48956,0.0,511.0352
Netherlands,201904,0.0007037851,6.4472566e-10,1.4557716e-10,4.4953846e-11,167.4439,1.0000064,374.2379,2.1292024e-09,1.4425745e-21,5.2149784e-22,9.2444786e-23,4885.1504,-4.1264103e-11,1214.2123
Poland,201904,0.0006839523,2.1843789e-10,1.455496e-10,4.55328e-11,120.71698,1.0000064,349.98682,7.6009743e-10,3.589732e-22,6.376603e-22,1.1806131e-22,468.24966,-4.1264103e-11,866.89185
Portugal,201904,0.0006338998,9.864745e-11,1.5494796e-10,5.5317365e-11,95.281364,1.0000064,352.93506,1.2138851e-09,1.6960444e-22,1.4160853e-22,5.523182e-23,140.68597,-4.1264103e-11,1108.445
Romania,201904,0.0006237935,1.00872005e-10,1.5738567e-10,4.8992293e-11,107.13208,1.0000064,356.82767,9.10656e-10,2.5941646e-21,6.8940617e-22,8.825365e-23,159.64807,-4.1264103e-11,415.17093
Slovakia,201904,0.0006552242,7.1059526e-11,1.564686e-10,4.856362e-11,113.69063,1.0000064,351.11288,9.403349e-10,2.3393252e-22,7.705232e-22,9.5390436e-23,222.38745,-4.1264103e-11,523.9523
Slovenia,201904,0.0006402139,1.6913025e-10,1.6293951e-10,5.0969555e-11,119.34345,1.0000064,359.67728,1.2405473e-09,2.4719376e-25,4.734034e-22,6.1789064e-23,370.40402,-4.1264103e-11,591.2835
Spain,201904,0.0005885566,1.296352e-09,1.5257687e-10,5.1170384e-11,134.98152,1.0000064,359.02924,8.916322e-10,3.2920145e-22,2.3265028e-22,6.510524e-23,1258.7999,-4.1264103e-11,1031.4054
Sweden,201904,0.0007136328,2.1809636e-11,9.7717646e-11,2.8489168e-11,113.534035,0.7735199,355.1302,1.6859606e-09,3.6250303e-25,3.1429057e-22,5.1209663e-23,707.4815,1.0196768e-08,1743.9806
Ireland,201904,0.0006667504,3.174705e-11,1.0423325e-10,3.328922e-11,107.41528,1.0000064,374.7188,3.383796e-09,6.860524e-22,1.8451358e-22,4.1561007e-23,630.2854,-4.1264103e-11,1266.024
Italy,201904,0.0006580943,6.1576044e-10,1.7544759e-10,5.887644e-11,133.33907,1.0000064,361.53745,1.9801307e-09,3.7500723e-22,4.955073e-22,7.380979e-23,1079.0876,-4.1264103e-11,571.1558
Denmark,201904,0.0006837586,1.0848282e-10,1.2615092e-10,3.9821476e-11,112.43694,1.0000064,370.42044,9.0901686e-10,2.396887e-23,3.3934595e-22,7.8173913e-23,517.44434,-4.1264103e-11,1747.5873
Finland,201904,0.00069754745,5.7049e-11,8.660239e-11,2.4984006e-11,103.72149,1.0000064,352.17828,1.7553955e-09,1.0586253e-22,2.746583e-22,4.4949944e-23,329.80817,-4.1264103e-11,1797.0571
Belgium,201904,0.0006904037,7.349778e-10,1.5100365e-10,4.6264735e-11,165.45079,1.0000064,374.264,3.8183257e-09,3.072884e-23,4.9958094e-22,8.832819e-23,4378.715,-4.1264103e-11,994.2813
Croatia,201904,0.0006346078,3.7523082e-11,1.5482282e-10,4.8993892e-11,110.90018,0.9944336,361.0277,1.7190184e-09,8.253581e-22,4.0123016e-22,5.2238394e-23,376.00058,5.9660734e-09,580.9738
Austria,201905,0.00054391834,8.4395976e-11,2.0130683e-10,6.476893e-11,99.97739,1.0000206,359.42493,1.1285446e-09,8.0853036e-23,4.6967723e-22,1.0037342e-22,145.38557,-4.2317816e-10,551.88947
Bulgaria,201905,0.00060673524,1.6578108e-10,2.593441e-10,9.7115455e-11,106.85381,1.0000206,347.99374,1.0867455e-09,1.4364693e-22,7.0850554e-22,2.0430354e-22,247.22838,-4.2317816e-10,423.41693
Cyprus,201905,0.0005815753,1.6076457e-10,1.930219e-10,9.222115e-11,91.00702,0.9166239,323.0823,4.2837497e-10,2.9728555e-22,2.613709e-22,2.5770286e-22,112.99928,2.7093954e-09,253.27904
Czech Republic,201905,0.00062617485,2.6860533e-10,2.3962235e-10,8.252033e-11,118.379684,1.0000206,362.47433,1.0184416e-09,5.827257e-22,6.0179384e-22,2.0179451e-22,652.4005,-4.2317816e-10,778.98535
Estonia,201905,0.000615127,7.7594015e-11,1.5376442e-10,5.4855082e-11,91.56729,1.0000206,371.58655,8.382201e-10,4.633607e-22,2.126703e-22,1.0392999e-22,97.37825,-4.2317816e-10,2124.783
France,201905,0.00057638506,1.183082e-10,1.9965807e-10,7.265628e-11,92.0511,1.0000206,353.676,1.114883e-09,4.1409707e-22,3.8075254e-22,1.0265887e-22,145.18881,-4.2317816e-10,594.0486
Germany,201905,0.00060874125,1.9432932e-10,2.2572215e-10,7.777484e-11,110.55173,1.0000206,366.98053,1.2628835e-09,6.0860677e-22,4.058136e-22,1.8042627e-22,460.2652,-4.2317816e-10,1323.9382
Greece,201905,0.0005544405,1.4168199e-10,1.9577873e-10,7.5048516e-11,94.60663,1.0000206,345.17715,6.252847e-10,2.2312187e-21,2.194579e-22,9.011094e-23,124.226685,-4.2317816e-10,368.38437
Hungary,201905,0.0006584817,2.8370734e-10,2.698803e-10,9.448935e-11,121.24362,1.0000206,363.07596,1.2068517e-09,1.6568451e-22,8.563355e-22,1.9507991e-22,607.65137,-4.2317816e-10,355.40277
Latvia,201905,0.0006262796,1.7920529e-10,1.6844828e-10,6.040337e-11,96.85638,0.7288758,365.5494,6.790788e-10,6.287091e-22,2.2404596e-22,1.2031009e-22,142.01819,2.9773644e-09,1577.9111
Lithuania,201905,0.0006347348,2.0085164e-10,1.9312688e-10,6.932368e-11,100.183556,1.0000206,358.11713,6.669511e-10,3.5729404e-22,2.9987978e-22,1.4542932e-22,173.94925,-4.2317816e-10,880.7585
Luxembourg,201905,0.0006065947,2.8867625e-10,2.2644346e-10,7.841005e-11,122.313515,1.0000206,364.0163,1.6693918e-09,3.4430613e-22,5.3857667e-22,1.8236432e-22,1706.0408,-4.2317816e-10,1121.388
Malta,201905,0.00061883323,1.7680137e-11,1.9495511e-10,8.1998734e-11,86.456764,0.0,348.53348,7.394476e-10,9.6666246e-30,2.737223e-22,8.891775e-23,41.63809,0.0,309.1937
Netherlands,201905,0.00064122403,6.474209e-10,2.2986821e-10,8.140367e-11,133.40556,1.0000206,366.45273,1.7778866e-09,5.636625e-22,5.660455e-22,2.0459958e-22,2721.7683,-4.2317816e-10,1236.3812
Poland,201905,0.0006402936,2.808065e-10,2.3825575e-10,8.5017854e-11,111.24032,1.0000206,361.04922,9.113082e-10,5.853845e-22,8.362174e-22,2.4652524e-22,545.88763,-4.2317816e-10,717.05927
Portugal,201905,0.00059300644,1.4765536e-10,1.830264e-10,8.280825e-11,91.368935,1.0000206,331.25818,9.60234e-10,1.4603902e-22,8.585173e-23,7.521168e-23,209.13454,-4.2317816e-10,380.05026
Romania,201905,0.0005959141,1.2937669e-10,2.4015526e-10,8.435051e-11,106.99274,1.0000206,353.52536,1.0586144e-09,2.7309453e-22,5.8877756e-22,1.4578133e-22,256.466,-4.2317816e-10,423.49423
Slovakia,201905,0.000627784,1.13999477e-10,2.48839e-10,8.5268376e-11,109.288605,1.0000206,363.13107,1.3661914e-09,2.8412773e-22,8.241406e-22,1.6862321e-22,345.87338,-4.2317816e-10,416.2779
Slovenia,201905,0.00061459455,1.7179219e-10,2.3488234e-10,7.9681525e-11,107.71388,1.0000206,361.1844,9.877597e-10,3.2493215e-23,5.2830775e-22,1.0823286e-22,273.3071,-4.2317816e-10,389.59186
Spain,201905,0.0005549761,1.3527334e-09,1.9308577e-10,8.103702e-11,124.109314,1.0000206,338.9159,1.1488398e-09,1.1078307e-21,1.7339997e-22,8.774102e-23,1323.8427,-4.2317816e-10,292.6134
Sweden,201905,0.0006098973,2.591418e-11,1.3986677e-10,4.931984e-11,96.24801,0.77352005,378.84042,7.755573e-10,5.6508394e-24,1.5386143e-22,9.147473e-23,268.49182,1.2775221e-08,2279.9487
Ireland,201905,0.00060621864,2.990262e-11,1.6273284e-10,6.149982e-11,83.18456,1.0000206,353.39838,1.0535726e-09,8.394704e-24,1.9730731e-22,1.1397924e-22,147.91338,-4.2317816e-10,1189.8882
Italy,201905,0.0006274217,6.538185e-10,2.3898653e-10,8.6314136e-11,123.02951,1.0000206,361.89273,1.3689643e-09,3.1263158e-22,4.3730445e-22,7.9963075e-23,883.7321,-4.2317816e-10,409.42477
Denmark,201905,0.0006095386,1.1471827e-10,1.8082226e-10,6.476083e-11,87.58132,1.0000206,378.74606,9.194939e-10,6.673167e-24,2.2651024e-22,1.2123118e-22,131.9064,-4.2317816e-10,2216.1326
Finland,201905,0.00060221506,1.2336031e-10,1.3088253e-10,4.571015e-11,90.405685,1.0000206,376.1887,8.5149066e-10,1.1405484e-21,1.3110661e-22,7.650075e-23,107.34549,-4.2317816e-10,1973.1348
Belgium,201905,0.0006404542,7.623766e-10,2.4148397e-10,8.4253673e-11,148.00352,1.0000206,363.83255,2.0008668e-09,1.1288509e-22,6.4216373e-22,2.1536365e-22,2950.2847,-4.2317816e-10,1112.013
Croatia,201905,0.0006097278,3.2020265e-11,2.2001947e-10,7.5413106e-11,98.190384,0.99444175,359.79758,1.298864e-09,2.4237026e-24,4.874555e-22,9.077192e-23,86.84792,8.099363e-09,377.40707
Austria,201906,0.00050166325,1.2855313e-10,2.3185033e-10,1.00770794e-10,101.01491,1.000018,321.0134,8.86241e-10,1.3785338e-21,3.3822925e-22,6.038412e-23,309.61932,-3.2376546e-10,158.65675
Bulgaria,201906,0.0005757813,1.98845e-10,2.7239666e-10,1.2210045e-10,103.12473,1.000018,331.72433,7.444828e-10,7.9172903e-22,1.987189e-22,3.56224e-23,246.1269,-3.2376546e-10,234.06242
Cyprus,201906,0.00055085577,1.6403819e-10,2.4407618e-10,1.3216692e-10,84.40024,0.9166653,305.39072,3.5870748e-10,2.8306734e-23,4.1234461e-22,1.4248685e-22,52.870087,1.391709e-09,268.21387
Czech Republic,201906,0.00058819144,3.6242306e-10,2.9120814e-10,1.3105105e-10,125.351036,1.000018,323.33734,1.3379214e-09,8.4452717e-22,5.804614e-22,1.0479341e-22,1062.8256,-3.2376546e-10,120.00711
Estonia,201906,0.0005748423,1.6001044e-10,1.7104572e-10,7.571863e-11,89.60371,1.000018,329.31433,1.2583036e-09,3.684006e-22,9.9378337e-23,1.8264301e-23,206.40338,-3.2376546e-10,356.7565
France,201906,0.0005207687,1.974134e-10,1.9963015e-10,9.345441e-11,88.42009,1.000018,334.81372,6.756657e-10,5.1841086e-22,7.857897e-23,1.04119126e-22,250.6198,-3.2376546e-10,837.7382
Germany,201906,0.00057158957,2.6266206e-10,2.589783e-10,1.1650686e-10,112.90123,1.000018,327.12146,1.2718349e-09,4.8881603e-22,4.095974e-22,1.0532567e-22,675.0611,-3.2376546e-10,265.5115
Greece,201906,0.000536015,1.72049e-10,2.0603372e-10,9.2382046e-11,93.99815,1.000018,329.16913,5.2985e-10,6.5037965e-23,1.0898413e-22,2.5094511e-23,145.83543,-3.2376546e-10,228.12544
Hungary,201906,0.00060992414,3.306168e-10,3.0621952e-10,1.4048476e-10,117.25818,1.000018,326.77017,8.3268914e-10,2.0342922e-22,3.9228675e-22,1.0371968e-22,612.4643,-3.2376546e-10,202.25107
Latvia,201906,0.0005807503,2.4412353e-10,1.9183367e-10,8.6363396e-11,97.027145,0.728872,325.7094,1.3322344e-09,3.2771243e-22,1.6101146e-22,3.1414606e-23,303.84628,1.0678675e-08,305.49573
Lithuania,201906,0.00058625446,2.8585417e-10,2.2779006e-10,1.0367e-10,104.65957,1.000018,323.37836,1.5356953e-09,6.0484104e-22,3.0903387e-22,6.0213084e-23,497.85223,-3.2376546e-10,235.41733
Luxembourg,201906,0.0005614258,3.4029676e-10,2.5453156e-10,1.1376425e-10,125.35188,1.000018,332.9362,1.4158105e-09,3.056209e-22,3.836256e-22,1.4547073e-22,2399.1711,-3.2376546e-10,589.8143
Malta,201906,0.0005763856,1.7683277e-11,2.2284895e-10,1.1977454e-10,84.27278,0.0,324.4983,1.0101034e-09,1.0602291e-29,4.2082756e-22,1.1764429e-22,77.61949,0.0,228.47704
Netherlands,201906,0.00060464366,6.6290035e-10,2.6616875e-10,1.1734656e-10,142.82877,1.000018,339.85965,2.8446063e-09,4.0458692e-22,7.085479e-22,1.8146598e-22,4723.5522,-3.2376546e-10,723.42706
Poland,201906,0.00060178776,3.7578804e-10,2.973957e-10,1.3599022e-10,115.6651,1.000018,323.05872,1.3427509e-09,8.72254e-22,5.181047e-22,1.163042e-22,1065.8549,-3.2376546e-10,177.34258
Portugal,201906,0.00054832804,1.814648e-10,1.9545965e-10,9.523582e-11,81.54978,1.000018,338.78308,7.882008e-10,1.2927297e-22,5.957245e-23,4.5855112e-23,155.92183,-3.2376546e-10,509.28894
Romania,201906,0.0005559672,1.8354582e-10,2.5356026e-10,1.1118431e-10,102.15382,1.000018,327.11856,9.2491326e-10,2.1578872e-22,1.9254988e-22,3.923484e-23,324.6692,-3.2376546e-10,217.735
Slovakia,201906,0.0005827686,1.8158583e-10,2.8362773e-10,1.2625283e-10,106.99277,1.000018,324.39496,7.704229e-10,4.7895716e-22,3.1208625e-22,7.6801327e-23,366.94022,-3.2376546e-10,201.16447
Slovenia,201906,0.00056553906,1.7354461e-10,2.5609145e-10,1.1592134e-10,107.3131,1.000018,325.67612,1.0622554e-09,7.311386e-24,3.2501622e-22,5.1181857e-23,362.00867,-3.2376546e-10,178.25659
Spain,201906,0.00052978884,1.5975103e-09,2.2014975e-10,1.0387969e-10,132.44891,1.000018,331.51965,6.57603e-10,7.015783e-19,1.5145496e-22,1.1310512e-22,2257.614,-3.2376546e-10,729.0435
Sweden,201906,0.00058273546,3.554561e-11,1.757619e-10,7.673479e-11,92.71154,0.77351445,333.2818,1.3426527e-09,4.7044304e-24,1.0286799e-22,3.244495e-23,431.6585,3.9710866e-09,389.05884
Ireland,201906,0.0005409432,4.1687542e-11,1.8762852e-10,8.129087e-11,73.07207,1.000018,363.69403,1.2017061e-09,9.565242e-24,1.8493756e-22,7.8997175e-23,106.056305,-3.2376546e-10,776.9978
Italy,201906,0.00058365485,7.105838e-10,2.4502514e-10,1.1989497e-10,131.27165,1.000018,327.07294,9.75909e-10,5.8449745e-21,2.8151947e-22,5.4893896e-23,1434.9995,-3.2376546e-10,133.53049
Denmark,201906,0.0005791766,1.2461404e-10,2.1249089e-10,9.511037e-11,85.90069,1.000018,337.92056,1.7748188e-09,9.915113e-24,2.3361112e-22,7.70611e-23,350.21567,-3.2376546e-10,392.51294
Finland,201906,0.00056649005,2.5247193e-10,1.6157102e-10,6.8114146e-11,92.10785,1.000018,337.72498,1.7762765e-09,7.246121e-22,9.0030486e-23,2.3956786e-23,271.52347,-3.2376546e-10,396.43765
Belgium,201906,0.0005853382,8.050468e-10,2.7148472e-10,1.2119768e-10,137.02571,1.000018,338.33646,1.8682853e-09,2.1366587e-22,6.1294543e-22,1.8736196e-22,2713.2764,-3.2376546e-10,835.32495
Croatia,201906,0.00055609335,3.8240244e-11,2.3735372e-10,1.1046137e-10,97.77098,0.9944295,326.92572,8.7391794e-10,2.9931114e-24,2.1644435e-22,5.696814e-23,182.72734,6.8298545e-09,186.3324
Austria,201907,0.00050786784,1.4157495e-10,2.4213162e-10,9.93865e-11,97.83634,1.0000072,321.9145,1.5110575e-09,1.02226364e-22,2.8914408e-22,3.0284553e-23,232.02567,-5.1779914e-11,490.9262
Bulgaria,201907,0.00057567086,2.2998267e-10,2.5658337e-10,1.1447365e-10,109.080315,1.0000072,325.9785,1.444619e-09,5.062172e-22,2.6922404e-22,4.683351e-23,336.81714,-5.1779914e-11,340.42087
Cyprus,201907,0.00055587076,1.6693812e-10,2.7332206e-10,1.5548557e-10,88.28792,0.9167474,292.32788,6.0017197e-10,1.3505098e-24,3.0655054e-22,1.7887845e-23,100.272026,9.81727e-09,51.011814
Czech Republic,201907,0.0005803104,4.0621406e-10,3.0132938e-10,1.2973905e-10,124.804634,1.0000072,330.96503,3.0524177e-09,7.063852e-22,6.886516e-22,5.3206024e-23,1561.9838,-5.1779914e-11,544.8912
Estonia,201907,0.00056900457,1.8692867e-10,2.0300576e-10,8.1733904e-11,92.10484,1.0000072,342.5944,3.6947636e-09,2.3595824e-22,4.6732827e-22,4.22302e-23,314.28333,-5.1779914e-11,841.1803
France,201907,0.00054762897,2.3835361e-10,2.0335424e-10,9.4050476e-11,97.701035,1.0000072,318.83197,8.3736224e-10,5.8196306e-22,1.4668707e-22,3.0322538e-23,400.07785,-5.1779914e-11,199.19449
Germany,201907,0.0005668641,3.0549488e-10,2.6900387e-10,1.1897712e-10,109.223946,1.0000072,329.37283,2.7967608e-09,5.7174366e-22,5.3691105e-22,5.325341e-23,938.5759,-5.1779914e-11,495.09967
Greece,201907,0.0005333022,1.9179963e-10,1.9181724e-10,8.859232e-11,98.92381,1.0000072,314.86377,1.5167301e-09,4.0246497e-23,1.790357e-22,1.9341692e-23,230.68015,-5.1779914e-11,244.58821
Hungary,201907,0.0006150029,3.634715e-10,3.1873215e-10,1.3877903e-10,127.09878,1.0000072,329.4703,2.0211666e-09,1.04381305e-22,4.83721e-22,5.140598e-23,1106.5369,-5.1779914e-11,525.6404
Latvia,201907,0.00056916865,2.7006858e-10,2.2781639e-10,9.293401e-11,95.5427,0.72886145,344.94125,3.8421715e-09,1.9337501e-22,6.1748533e-22,4.9296028e-23,375.18002,3.367239e-09,804.09216
Lithuania,201907,0.0005708964,3.3743353e-10,2.6655197e-10,1.1007486e-10,103.06284,1.0000072,345.94022,3.1383536e-09,5.2339217e-22,6.300874e-22,5.272138e-23,687.7099,-5.1779914e-11,645.9264
Luxembourg,201907,0.0005721545,3.747763e-10,2.6027397e-10,1.1567065e-10,128.88033,1.0000072,325.63058,2.5904583e-09,2.8810182e-22,4.7215064e-22,4.7272133e-23,2880.5635,-5.1779914e-11,414.73468
Malta,201907,0.0005743828,1.767326e-11,2.5401692e-10,1.4138947e-10,82.965,0.0,308.51666,7.4689094e-10,1.0402128e-29,3.601927e-22,2.1813332e-23,53.340965,0.0,174.2609
Netherlands,201907,0.0006036088,6.7987665e-10,2.808263e-10,1.2697958e-10,140.67888,1.0000072,330.21124,5.437804e-09,1.4813451e-22,1.1864017e-21,6.928267e-23,5108.1094,-5.1779914e-11,437.1754
Poland,201907,0.00058281363,4.3266643e-10,3.1253608e-10,1.3442829e-10,113.11707,1.0000072,338.35025,2.9854177e-09,9.357637e-22,7.032219e-22,5.0365115e-23,1322.8209,-5.1779914e-11,609.8789
Portugal,201907,0.000587042,3.5369938e-09,2.1915167e-10,1.0528526e-10,149.8064,1.0000072,319.42545,2.7348708e-08,3.886961e-16,7.485524e-21,2.5323863e-23,68776.88,-5.1779914e-11,261.4167
Romania,201907,0.00055731356,2.1739689e-10,2.4196978e-10,1.0085537e-10,110.1101,1.0000072,330.01086,1.2959301e-09,3.3590635e-23,2.0849899e-22,4.4027507e-23,519.40216,-5.1779914e-11,446.6984
Slovakia,201907,0.0005787788,2.2740249e-10,2.8861294e-10,1.2188675e-10,114.42174,1.0000072,331.30585,2.3079985e-09,2.6626623e-22,4.452474e-22,4.1960783e-23,758.99744,-5.1779914e-11,618.95355
Slovenia,201907,0.00058503984,1.8325409e-10,2.6076685e-10,1.098646e-10,110.83391,1.0000072,323.91208,1.7514067e-09,5.1501833e-22,2.8265593e-22,3.6675642e-23,408.82462,-5.1779914e-11,401.18063
Spain,201907,0.00054108334,1.4139122e-09,2.3344893e-10,1.1487572e-10,137.02304,1.0000072,313.1078,9.2424646e-10,3.3765608e-21,2.5270332e-22,2.6223556e-23,2369.622,-5.1779914e-11,173.73062
Sweden,201907,0.00056657585,3.86031e-11,1.9560734e-10,8.3264284e-11,85.66004,0.77350706,336.3013,2.9401006e-09,1.4945723e-24,2.7771e-22,4.1767594e-23,346.16187,-3.3830039e-09,815.7268
Ireland,201907,0.00055063545,4.6929745e-11,1.8250959e-10,8.6146985e-11,69.05646,1.0000072,326.5743,1.2686677e-09,7.083668e-24,1.1579982e-22,2.4441604e-23,29.199553,-5.1779914e-11,249.23538
Italy,201907,0.0005974461,7.226895e-10,2.5737634e-10,1.2152758e-10,131.90991,1.0000072,319.72644,1.1080471e-09,4.819179e-22,2.5873186e-22,2.2786883e-23,1473.3099,-5.1779914e-11,226.54979
Denmark,201907,0.0005593597,1.3180339e-10,2.2412462e-10,1.0161753e-10,82.255066,1.0000072,336.3828,3.0526495e-09,6.52326e-24,3.7092172e-22,5.259313e-23,328.5783,-5.1779914e-11,666.28394
Finland,201907,0.00056061766,2.853833e-10,1.8470502e-10,7.4510474e-11,94.71006,1.0000072,335.21646,2.2695381e-09,1.5431753e-22,1.8975566e-22,3.1537924e-23,393.9101,-5.1779914e-11,766.53845
Belgium,201907,0.0005890563,8.3648577e-10,2.7224373e-10,1.2444841e-10,137.51332,1.0000072,327.11743,3.333068e-09,2.558535e-22,6.817804e-22,5.4849764e-23,2595.219,-5.1779914e-11,377.6419
Croatia,201907,0.00057332194,4.1297965e-11,2.508914e-10,1.0980603e-10,97.644684,0.994414,324.04837,1.4391724e-09,6.333489e-24,2.310069e-22,2.9345746e-23,168.6763,1.4108228e-08,363.70978
Austria,201908,0.0005313656,9.57344e-11,2.1311175e-10,8.588091e-11,102.00284,0.99999434,300.4382,1.3949427e-09,8.331164e-23,4.1725739e-22,3.778431e-23,409.30716,-3.1901815e-11,275.4707
Bulgaria,201908,0.0005901758,2.657912e-10,2.334264e-10,1.0614944e-10,113.213715,0.99999434,300.0276,1.081287e-09,1.29296375e-20,3.7079802e-22,4.0173603e-23,375.09216,-3.1901815e-11,271.51102
Cyprus,201908,0.0005740164,1.6454572e-10,2.585269e-10,1.4191526e-10,97.74221,0.9167332,288.60175,5.7779637e-10,2.3596402e-22,4.0416886e-22,8.9749115e-23,229.4225,1.24341355e-08,88.89921
Czech Republic,201908,0.00061732624,2.8194336e-10,2.6229055e-10,1.0924462e-10,124.30112,0.99999434,305.52872,1.4901211e-09,6.141474e-22,3.7743718e-22,5.510904e-23,1128.732,-3.1901815e-11,287.85168
Estonia,201908,0.0006093328,1.09720635e-10,1.6662308e-10,6.5243665e-11,90.29402,0.99999434,312.46848,1.0416635e-09,4.3664423e-22,3.930405e-22,2.4552897e-23,138.229,-3.1901815e-11,482.52344
France,201908,0.0005550371,1.3363231e-10,1.7677246e-10,7.892534e-11,88.026886,0.99999434,308.0209,6.7787953e-10,4.2347305e-22,1.8251197e-22,2.7173182e-23,118.20349,-3.1901815e-11,195.81198
Germany,201908,0.000607478,2.0115053e-10,2.42866e-10,1.0046396e-10,115.02449,0.99999434,310.15186,1.2557368e-09,5.0284645e-22,3.751922e-22,4.335291e-23,632.50494,-3.1901815e-11,316.76205
Greece,201908,0.0005495469,1.9171315e-10,1.940339e-10,8.970924e-11,104.99805,0.99999434,295.39847,6.62786e-10,5.3674293e-22,1.1864982e-22,9.232322e-24,231.08885,-3.1901815e-11,133.85504
Hungary,201908,0.00064397126,3.133194e-10,2.8336142e-10,1.2378339e-10,127.68647,0.99999434,302.86597,1.5276032e-09,2.0876589e-22,5.831312e-22,7.4037524e-23,823.479,-3.1901815e-11,339.56537
Latvia,201908,0.00061606476,2.0019886e-10,1.8370391e-10,7.3295814e-11,97.56866,0.7289238,310.45035,1.1029502e-09,3.2650764e-22,5.4341535e-22,3.597274e-23,182.34329,8.45941e-09,484.3226
Lithuania,201908,0.0006246089,2.260296e-10,2.149412e-10,8.693942e-11,106.15512,0.99999434,309.59668,1.5771525e-09,7.50535e-22,8.60585e-22,5.1754005e-23,402.35852,-3.1901815e-11,452.46707
Luxembourg,201908,0.0005919843,2.9166436e-10,2.2776024e-10,9.673051e-11,119.62584,0.99999434,312.06686,1.1190159e-09,2.315725e-22,3.3337608e-22,3.8553305e-23,1491.0822,-3.1901815e-11,339.0528
Malta,201908,0.0005995645,1.7677157e-11,2.4823113e-10,1.3292628e-10,88.155304,0.0,296.2469,6.60763e-10,6.82968e-30,1.1874536e-22,5.895482e-23,60.66378,0.0,56.74168
Netherlands,201908,0.0006391255,6.464674e-10,2.562297e-10,1.0654341e-10,147.08545,0.99999434,318.58362,2.713834e-09,9.408986e-23,5.8997006e-22,5.842809e-23,7304.9126,-3.1901815e-11,476.36813
Poland,201908,0.00062906207,2.8672187e-10,2.6732425e-10,1.12565644e-10,119.02527,0.99999434,307.0752,1.1122518e-09,8.463788e-22,5.3043285e-22,6.230265e-23,984.0218,-3.1901815e-11,403.95908
Portugal,201908,0.00056573295,2.839063e-10,1.9337867e-10,9.902732e-11,96.17223,0.99999434,307.5456,1.8275562e-09,2.1055275e-19,2.505322e-22,1.8566468e-23,407.77686,-3.1901815e-11,145.43887
Romania,201908,0.00057540735,1.811256e-10,2.0325622e-10,8.749555e-11,110.070694,0.99999434,301.42957,1.2232199e-09,4.0119625e-22,5.1933114e-22,3.7396983e-23,383.55972,-3.1901815e-11,373.43704
Slovakia,201908,0.00061037665,1.4767959e-10,2.5680066e-10,1.08583434e-10,113.78682,0.99999434,301.88364,1.2247235e-09,4.0328205e-22,4.478252e-22,5.457876e-23,465.39218,-3.1901815e-11,352.588
Slovenia,201908,0.0006022546,1.7192017e-10,2.208433e-10,9.2429626e-11,116.50328,0.99999434,301.78326,1.7399068e-09,3.5185169e-25,4.1896521e-22,4.155721e-23,458.6191,-3.1901815e-11,276.80508
Spain,201908,0.0005501744,1.5772539e-09,2.2206757e-10,1.0654173e-10,146.35178,0.99999434,304.3225,1.4782087e-09,2.0689437e-18,3.306667e-22,3.8798404e-23,4263.46,-3.1901815e-11,134.59819
Sweden,201908,0.0006065263,3.1912997e-11,1.549947e-10,6.195844e-11,99.97793,0.77350014,315.95242,1.1571908e-09,4.7882827e-24,3.5245134e-22,3.9820263e-23,495.56717,-5.9452745e-09,503.85306
Ireland,201908,0.00058832247,3.4700614e-11,1.7000755e-10,6.981857e-11,77.63474,0.99999434,330.59354,1.2592359e-09,6.4369563e-24,2.5303487e-22,3.5124814e-23,60.73979,-3.1901815e-11,377.52985
Italy,201908,0.0006187774,6.8362643e-10,2.4575714e-10,1.1455738e-10,140.38358,0.99999434,299.9339,2.7059286e-09,5.119775e-22,4.047297e-22,3.865246e-23,1786.626,-3.1901815e-11,148.19788
Denmark,201908,0.0006032143,1.196994e-10,2.0023977e-10,8.316128e-11,89.61528,0.99999434,319.64688,1.8184181e-09,7.615921e-24,3.6462696e-22,4.6820854e-23,343.9326,-3.1901815e-11,522.1021
Finland,201908,0.0006007909,2.0809642e-10,1.4156411e-10,5.326879e-11,99.38632,0.99999434,315.0756,1.3243276e-09,1.0391831e-21,4.0659815e-22,3.1260245e-23,206.83948,-3.1901815e-11,524.8536
Belgium,201908,0.00062029494,7.7216833e-10,2.454771e-10,1.0413326e-10,141.0103,0.99999434,315.69717,1.6011281e-09,4.704406e-22,4.449455e-22,4.543436e-23,3087.9834,-3.1901815e-11,404.3866
Croatia,201908,0.0005926374,3.500363e-11,2.1707008e-10,9.452928e-11,106.56975,0.99441296,300.81094,1.7923824e-09,2.1889786e-24,3.5503136e-22,4.3731697e-23,360.49997,4.4172097e-09,253.64354
Austria,201909,0.00051349535,8.065418e-11,1.5390444e-10,5.9458306e-11,96.97897,0.9999845,281.8336,1.528435e-09,2.4866723e-23,6.2797094e-22,6.597012e-23,217.30652,-2.3971736e-10,198.75737
Bulgaria,201909,0.0006034375,2.438405e-10,2.0121112e-10,8.215965e-11,115.10801,0.9999845,295.8326,2.6053288e-09,1.105622e-19,4.598967e-22,4.9422836e-23,738.36694,-2.3971736e-10,108.45153
Cyprus,201909,0.000559932,1.5876801e-10,2.0060013e-10,1.0622498e-10,87.7546,0.9167146,281.45612,4.4773996e-10,2.7996036e-23,2.689002e-22,7.9139744e-23,55.03219,1.2478478e-08,24.387651
Czech Republic,201909,0.00060082576,2.4050262e-10,1.8050954e-10,7.031597e-11,121.30631,0.9999845,285.47195,2.0050028e-09,1.7418e-22,1.0855461e-21,1.3850042e-22,1010.4344,-2.3971736e-10,221.46584
Estonia,201909,0.0005999294,5.386814e-11,1.0320343e-10,3.7511456e-11,87.73275,0.9999845,288.21384,1.29638e-09,1.4816495e-22,3.2817952e-22,8.053418e-23,81.14869,-2.3971736e-10,339.65167
France,201909,0.0005347416,1.0990616e-10,1.3079314e-10,5.767589e-11,88.0431,0.9999845,286.94745,8.87739e-10,2.9150392e-22,2.297614e-22,3.9303565e-23,106.39496,-2.3971736e-10,393.74982
Germany,201909,0.00058742217,1.7618997e-10,1.5810889e-10,6.237336e-11,109.0433,0.9999845,284.2804,1.7597851e-09,3.432312e-22,8.678487e-22,1.1497771e-22,495.85422,-2.3971736e-10,335.46866
Greece,201909,0.00055778574,1.1241094e-10,1.8634806e-10,7.8407475e-11,100.96304,0.9999845,295.53906,1.3183075e-09,5.253053e-22,3.186818e-22,1.1738997e-23,170.766,-2.3971736e-10,89.34543
Hungary,201909,0.00062819227,2.7085226e-10,2.0444393e-10,8.2698834e-11,122.17969,0.9999845,287.91864,1.9789714e-09,1.2342977e-22,9.305343e-22,1.5538154e-22,744.5247,-2.3971736e-10,142.79433
Latvia,201909,0.0006035027,1.541082e-10,1.1379885e-10,4.223748e-11,93.325134,0.7289518,287.45264,1.4229825e-09,1.1134225e-22,3.951769e-22,9.5265203e-23,111.66043,6.591349e-09,340.71664
Lithuania,201909,0.0006015139,1.6381137e-10,1.338021e-10,5.1156343e-11,98.05671,0.9999845,287.48962,1.7811538e-09,1.6285256e-22,5.8393716e-22,1.228713e-22,197.2136,-2.3971736e-10,343.4643
Luxembourg,201909,0.0005678846,2.8091385e-10,1.52342e-10,6.317517e-11,116.092445,0.9999845,284.94296,1.310157e-09,1.537724e-22,6.0710437e-22,9.84016e-23,1253.8264,-2.3971736e-10,430.98065
Malta,201909,0.0005795307,1.7670013e-11,2.1032596e-10,1.0770291e-10,83.06216,0.0,292.68332,4.141202e-10,7.012097e-30,3.0705862e-22,4.4236287e-23,42.759113,0.0,85.15443
Netherlands,201909,0.0006077618,6.4019334e-10,1.5178668e-10,6.240417e-11,136.60202,0.9999845,285.13113,1.1247626e-09,5.2834783e-23,7.9689603e-22,1.3067158e-22,2947.7793,-2.3971736e-10,441.0909
Poland,201909,0.0006138166,2.3797878e-10,1.7229874e-10,6.699329e-11,115.303085,0.9999845,288.78305,2.9764289e-09,1.668483e-22,1.2749149e-21,1.8784745e-22,907.2059,-2.3971736e-10,331.33197
Portugal,201909,0.000572127,7.773137e-10,1.7098944e-10,8.35807e-11,105.08162,0.9999845,294.09192,1.6046108e-09,1.36737314e-17,3.8297016e-22,4.4800152e-23,3828.5085,-2.3971736e-10,168.4156
Romania,201909,0.00057861744,1.13011114e-10,1.6656056e-10,6.55605e-11,105.17496,0.9999845,290.30988,1.4505759e-09,2.8000473e-22,2.5888095e-22,5.6686327e-23,304.8441,-2.3971736e-10,157.42761
Slovakia,201909,0.0005891994,1.0267197e-10,1.7850652e-10,7.0576205e-11,104.46196,0.9999845,287.88647,1.8601044e-09,6.4086717e-22,8.498474e-22,1.3783604e-22,335.333,-2.3971736e-10,182.743
Slovenia,201909,0.0005812231,1.7038475e-10,1.7750253e-10,7.158774e-11,114.7197,0.9999845,286.7336,1.4878228e-09,2.754012e-25,4.2191242e-22,4.8076153e-23,463.30038,-2.3971736e-10,219.89282
Spain,201909,0.00054177677,1.3244075e-09,1.8437181e-10,8.354075e-11,142.88475,0.9999845,294.59296,1.049082e-09,9.320134e-22,3.7672766e-22,5.0134354e-23,2869.753,-2.3971736e-10,259.35016
Sweden,201909,0.0006070881,2.5107265e-11,9.250256e-11,3.3870247e-11,95.12667,0.77349526,288.49036,1.5277596e-09,2.4252008e-24,3.4861566e-22,5.9883555e-23,427.39185,-4.511296e-09,368.16782
Ireland,201909,0.00057487143,2.9393023e-11,1.0953034e-10,4.5630943e-11,81.6709,0.9999845,285.12955,1.3954276e-09,4.234626e-24,4.619557e-22,7.6196245e-23,74.68738,-2.3971736e-10,361.31827
Italy,201909,0.0005989656,6.4487565e-10,2.0792172e-10,9.2203724e-11,128.5133,0.9999845,293.20648,1.3847333e-09,9.102521e-23,5.5032774e-22,4.7570594e-23,1111.1251,-2.3971736e-10,211.28421
Denmark,201909,0.0005947461,1.13663155e-10,1.1807019e-10,4.57876e-11,87.25501,0.9999845,289.587,2.0668829e-09,3.646277e-24,6.320875e-22,8.4464643e-23,153.32343,-2.3971736e-10,358.54745
Finland,201909,0.00059443,9.931777e-11,8.271434e-11,2.9047716e-11,93.66274,0.9999845,287.57925,1.2052993e-09,5.069019e-22,2.4113943e-22,5.631141e-23,104.75396,-2.3971736e-10,236.12146
Belgium,201909,0.0005918922,7.6020873e-10,1.6125225e-10,6.771035e-11,136.97348,0.9999845,285.51108,1.3118394e-09,8.996169e-23,7.210305e-22,1.1232943e-22,2901.8594,-2.3971736e-10,432.29514
Croatia,201909,0.0005741113,3.1289932e-11,1.756934e-10,7.2799315e-11,99.93069,0.9944042,288.59543,1.5045399e-09,8.76336e-25,4.442262e-22,4.8602888e-23,216.95546,1.5990477e-09,238.3108
Austria,201910,0.000480587,6.216882e-11,8.1467895e-11,3.240393e-11,92.84564,0.9999807,270.06226,9.899578e-10,1.6659504e-23,3.4987713e-22,3.8718423e-23,393.77548,-3.7254133e-10,234.6857
Bulgaria,201910,0.00056303723,1.241505e-10,1.422146e-10,6.009135e-11,110.62269,0.9999807,281.24298,1.9641089e-09,1.8915583e-21,4.2486685e-22,7.090317e-23,666.0137,-3.7254133e-10,255.59991
Cyprus,201910,0.0005387126,1.642308e-10,1.6117975e-10,8.0254164e-11,85.812775,0.9166989,284.8737,2.6853486e-10,6.153345e-21,1.9517071e-22,1.191953e-22,157.88765,3.769844e-09,73.36355
Czech Republic,201910,0.0005667774,1.922316e-10,8.918901e-11,3.4710207e-11,120.43534,0.9999807,271.11276,7.6008316e-10,9.677757e-23,4.874606e-22,5.533055e-23,731.98096,-3.7254133e-10,286.09967
Estonia,201910,0.00059011806,2.2677086e-11,4.9880235e-11,1.6655548e-11,91.97474,0.9999807,285.17114,8.971082e-10,2.2577259e-23,1.4458898e-22,1.507301e-23,208.9518,-3.7254133e-10,711.4391
France,201910,0.0005252554,5.997348e-11,8.998054e-11,3.7927314e-11,82.184685,0.9999807,276.18878,6.1889616e-10,1.147744e-22,1.7922284e-22,3.368694e-23,55.22475,-3.7254133e-10,371.5129
Germany,201910,0.0005651724,1.2407543e-10,7.944252e-11,3.0146066e-11,110.61005,0.9999807,272.056,6.99477e-10,1.1013733e-22,3.7469924e-22,4.358222e-23,338.07404,-3.7254133e-10,333.1036
Greece,201910,0.00050370884,7.127901e-11,1.3358323e-10,5.938915e-11,87.4836,0.9999807,286.02744,7.0172296e-10,2.6361962e-22,3.3185599e-22,5.1434065e-23,124.08621,-3.7254133e-10,144.09282
Hungary,201910,0.0005985422,2.3840083e-10,1.14888155e-10,4.6115514e-11,138.24763,0.9999807,273.9069,1.2076184e-09,1.8714035e-22,4.9928534e-22,7.0198996e-23,4038.2458,-3.7254133e-10,253.70317
Latvia,201910,0.00059235905,1.2604387e-10,5.6028418e-11,1.924243e-11,99.81208,0.7288993,283.96115,5.4293736e-10,2.038343e-23,1.7869795e-22,1.9208747e-23,260.06247,3.5531165e-09,600.2692
Lithuania,201910,0.00059503753,1.297827e-10,6.7593854e-11,2.38965e-11,104.44655,0.9999807,278.31213,4.997749e-10,3.5619026e-23,2.6841827e-22,2.882441e-23,271.89993,-3.7254133e-10,552.47144
Luxembourg,201910,0.00055892405,2.4841978e-10,8.174888e-11,3.1745228e-11,129.26312,0.9999807,272.8129,7.5137896e-10,4.6429797e-23,3.2152948e-22,4.6847802e-23,1456.2213,-3.7254133e-10,381.2528
Malta,201910,0.0005602094,1.7664092e-11,1.4778281e-10,7.207755e-11,74.9296,0.0,289.34784,5.175313e-10,0.0,4.3037666e-22,9.696134e-23,33.534786,0.0,142.8895
Netherlands,201910,0.0006141229,6.246322e-10,8.078355e-11,3.0090992e-11,155.30595,0.9999807,277.6103,1.2366397e-09,1.1347373e-23,3.2903711e-22,4.5081164e-23,3501.5916,-3.7254133e-10,459.04413
Poland,201910,0.00059129077,1.9713664e-10,7.897887e-11,2.9520292e-11,124.93492,0.9999807,273.59222,6.1871047e-10,6.4292643e-23,4.1835652e-22,5.1724953e-23,1178.2203,-3.7254133e-10,444.05258
Portugal,201910,0.0005511778,7.496893e-11,1.1650265e-10,5.6010502e-11,84.63802,0.9999807,283.00485,7.2284784e-10,6.665723e-22,2.5241078e-22,1.0902094e-22,112.57717,-3.7254133e-10,613.69104
Romania,201910,0.00054745236,7.295589e-11,1.07767635e-10,4.330547e-11,106.19682,0.9999807,272.08658,1.2626674e-09,5.1648143e-23,3.777412e-22,5.0696563e-23,250.46112,-3.7254133e-10,270.8166
Slovakia,201910,0.0005582216,5.8076e-11,9.6432154e-11,3.800253e-11,111.192184,0.9999807,272.05215,6.359981e-10,6.693133e-23,4.1564554e-22,5.0092226e-23,529.52496,-3.7254133e-10,264.7288
Slovenia,201910,0.00055016804,1.6878095e-10,1.0893411e-10,4.4974663e-11,109.74003,0.9999807,274.18362,1.4953282e-09,1.1021633e-25,4.550415e-22,5.227574e-23,348.94696,-3.7254133e-10,229.0522
Spain,201910,0.000520927,1.2818148e-09,1.2383186e-10,5.525007e-11,145.95323,0.9999807,281.49054,4.599322e-10,1.8406574e-22,2.7583942e-22,1.0984124e-22,2652.05,-3.7254133e-10,695.31635
Sweden,201910,0.00059163786,2.1188842e-11,4.0463532e-11,1.350763e-11,96.72381,0.7735074,284.6416,7.9016665e-10,3.168047e-25,1.3275078e-22,1.2927607e-23,472.6384,3.1449487e-09,706.11285
Ireland,201910,0.0005731896,2.1431116e-11,5.1401276e-11,1.9142864e-11,81.70812,0.9999807,287.1301,7.866587e-10,3.8746244e-24,1.7360156e-22,3.5604085e-23,109.522705,-3.7254133e-10,856.0068
Italy,201910,0.00056959584,6.131629e-10,1.3819411e-10,6.148777e-11,126.54998,0.9999807,280.6766,9.031683e-10,8.16791e-23,4.954349e-22,7.830028e-23,898.21246,-3.7254133e-10,128.84158
Denmark,201910,0.0005895696,1.0717918e-10,5.7369186e-11,2.0188398e-11,94.24406,0.9999807,285.99194,7.9873475e-10,1.3932867e-24,1.8863299e-22,2.2412105e-23,364.7354,-3.7254133e-10,443.31097
Finland,201910,0.0005787967,5.0066215e-11,3.488344e-11,1.1070468e-11,90.64361,0.9999807,281.78436,7.836873e-10,4.550105e-23,1.1520587e-22,1.0799534e-23,144.22635,-3.7254133e-10,814.88
Belgium,201910,0.0005905954,7.306176e-10,8.8121094e-11,3.3994113e-11,136.56361,0.9999807,275.32553,1.3725981e-09,3.6226487e-23,3.6144317e-22,5.570918e-23,2406.16,-3.7254133e-10,465.97748
Croatia,201910,0.00054371665,2.8415931e-11,1.086065e-10,4.5714144e-11,95.55566,0.99439925,275.55753,1.2736082e-09,6.7481647e-25,4.3138226e-22,5.087064e-23,174.50496,9.015707e-09,202.31454
Austria,201911,0.0005017847,5.333855e-11,4.114505e-11,1.2888805e-11,103.15931,0.9999681,290.10767,4.698612e-10,1.1721015e-24,9.44975e-23,1.1542327e-23,371.31,-1.0160097e-09,500.7261
Bulgaria,201911,0.0005596251,8.4940374e-11,7.1621424e-11,2.742949e-11,97.417336,0.9999681,285.58344,5.9135175e-10,1.1179802e-22,2.781623e-22,5.563061e-23,108.77751,-1.0160097e-09,327.7305
Cyprus,201911,0.0005549344,1.5260468e-10,1.01776185e-10,4.4931735e-11,92.742096,0.91665953,283.55334,2.1954338e-10,1.1011737e-22,2.8674786e-22,8.0592775e-23,105.9708,4.667812e-09,342.32156
Czech Republic,201911,0.0005963228,1.7213893e-10,4.3299996e-11,1.3687031e-11,129.82626,0.9999681,287.1738,7.2610473e-10,5.348272e-24,1.1274724e-22,1.24580314e-23,479.79672,-1.0160097e-09,389.5999
Estonia,201911,0.0006394468,1.6524145e-11,2.0696656e-11,5.9678863e-12,111.04735,0.9999681,264.48352,9.498977e-10,2.6231306e-25,5.0149052e-23,3.671142e-24,266.64572,-1.0160097e-09,411.89066
France,201911,0.0005470881,3.5146285e-11,5.0531447e-11,1.6375033e-11,88.22827,0.9999681,316.09482,8.356255e-10,1.4194258e-23,1.187293e-22,1.5858673e-23,76.0512,-1.0160097e-09,1833.0665
Germany,201911,0.00059920904,1.02746374e-10,3.7844915e-11,1.1430741e-11,125.86367,0.9999681,294.88046,1.2981515e-09,6.312957e-24,9.110762e-23,9.184453e-24,730.52893,-1.0160097e-09,520.5342
Greece,201911,0.00051268033,4.7679173e-11,7.7567126e-11,3.0161162e-11,84.23834,0.9999681,289.7121,5.446315e-10,7.90927e-24,2.699808e-22,4.5813498e-23,81.610756,-1.0160097e-09,343.08252
Hungary,201911,0.0006083968,2.2813167e-10,5.7414296e-11,1.9772736e-11,122.36508,0.9999681,285.09915,6.697451e-10,1.5208371e-21,1.7598555e-22,2.5055537e-23,382.86914,-1.0160097e-09,352.09195
Latvia,201911,0.00063876004,1.1944887e-10,2.3999781e-11,7.1278153e-12,118.69616,0.7289144,267.54953,1.315756e-09,3.6845797e-25,6.317458e-23,4.9386215e-24,251.67865,7.964909e-10,339.9688
Lithuania,201911,0.000628282,1.191097e-10,2.987576e-11,9.226137e-12,119.47827,0.9999681,270.71698,9.793601e-10,1.26438e-24,7.7357594e-23,7.220748e-24,263.40433,-1.0160097e-09,276.53207
Luxembourg,201911,0.00058906846,2.3546295e-10,4.112248e-11,1.2553912e-11,150.12202,0.9999681,305.30615,1.0120362e-09,4.7411414e-23,8.864995e-23,9.6074344e-24,2735.1987,-1.0160097e-09,824.908
Malta,201911,0.0005763601,1.7656987e-11,9.55855e-11,3.9927797e-11,80.50558,0.0,301.7279,4.4549459e-10,0.0,2.1787654e-22,5.2504875e-23,37.111294,0.0,290.68164
Netherlands,201911,0.00064036023,6.168117e-10,3.6823964e-11,1.1264139e-11,184.96213,0.9999681,302.00662,1.3433293e-09,1.0225446e-24,9.634408e-23,1.0011696e-23,4646.4556,-1.0160097e-09,694.78265
Poland,201911,0.0006199228,1.8280086e-10,3.6881637e-11,1.1611195e-11,134.55028,0.9999681,279.54977,8.3732465e-10,2.369255e-24,8.58287e-23,8.7085795e-24,555.8637,-1.0160097e-09,283.69913
Portugal,201911,0.0005667187,4.725739e-11,7.354976e-11,2.9209152e-11,85.89559,0.9999681,301.14856,8.738038e-10,7.0389686e-23,1.4698002e-22,3.1824788e-23,93.314995,-1.0160097e-09,1324.384
Romania,201911,0.0005483601,5.4454337e-11,5.1256832e-11,1.815353e-11,98.856895,0.9999681,278.64056,6.298349e-10,6.919193e-24,1.7192207e-22,2.7939885e-23,116.39597,-1.0160097e-09,315.6243
Slovakia,201911,0.0005834754,4.0796363e-11,5.0293318e-11,1.6521725e-11,122.6214,0.9999681,281.40164,6.787723e-10,3.9566277e-24,1.312196e-22,1.6033653e-23,430.22455,-1.0160097e-09,324.44257
Slovenia,201911,0.00057058735,1.6807272e-10,5.727598e-11,1.9149841e-11,122.31284,0.9999681,292.4658,5.9553773e-10,5.5324884e-27,1.6059495e-22,2.3463644e-23,472.77667,-1.0160097e-09,524.1495
Spain,201911,0.0005312586,1.276515e-09,7.6527895e-11,2.7427002e-11,130.70549,0.9999681,309.06406,5.592611e-10,4.86476e-21,1.6894081e-22,3.2313794e-23,1054.1875,-1.0160097e-09,1870.3607
Sweden,201911,0.00064475543,2.0606213e-11,1.6566444e-11,4.702162e-12,115.268555,0.7735036,269.5761,1.1906881e-09,1.3393666e-27,2.3104893e-23,2.01597e-24,750.4108,1.01427755e-08,548.7025
Ireland,201911,0.00060329045,1.6733755e-11,2.1818011e-11,6.7233784e-12,95.06222,0.9999681,309.1367,1.1046509e-09,3.4557723e-25,3.027284e-23,4.04378e-24,266.14462,-1.0160097e-09,1269.5023
Italy,201911,0.00057867076,5.9216443e-10,7.7460975e-11,2.8414054e-11,109.60629,0.9999681,303.43048,6.3860217e-10,1.1482244e-23,2.4359603e-22,4.2874407e-23,387.57874,-1.0160097e-09,645.6116
Denmark,201911,0.0006420353,1.0523801e-10,2.5161291e-11,7.326328e-12,123.84401,0.9999681,282.94272,1.0404821e-09,3.9416736e-26,5.147471e-23,4.7695327e-24,817.68335,-1.0160097e-09,603.4937
Finland,201911,0.00063265784,4.3020046e-11,1.2034982e-11,3.2982373e-12,111.395485,0.9999681,264.45898,1.2274601e-09,1.7502104e-25,1.8606419e-23,1.4542156e-24,435.71884,-1.0160097e-09,715.1465
Belgium,201911,0.00061453966,7.1819767e-10,4.374905e-11,1.3591265e-11,149.43951,0.9999681,307.59128,1.1945838e-09,2.3999726e-24,1.0179511e-22,1.1142697e-23,3169.1707,-1.0160097e-09,844.6008
Croatia,201911,0.0005638423,2.7133771e-11,5.964554e-11,2.038732e-11,99.449066,0.99438506,293.92102,6.749424e-10,3.2619564e-24,1.5312532e-22,2.3108347e-23,317.60864,8.1332825e-09,513.33887
Austria,201912,0.00050676154,5.22854e-11,2.1955087e-11,6.5111193e-12,94.09773,0.9999901,303.15875,9.925424e-10,5.5108167e-27,1.6781714e-23,1.2222162e-24,199.79745,-9.795731e-11,1131.6163
Bulgaria,201912,0.00059067813,8.2691055e-11,4.323098e-11,1.3757787e-11,109.087845,0.9999901,317.1947,2.03489e-09,1.4176215e-22,4.6549196e-23,4.1548444e-24,266.39346,-9.795731e-11,1704.4373
Cyprus,201912,0.0005898614,1.4961149e-10,6.78706e-11,2.4689552e-11,96.49905,0.91668594,313.56216,1.6854587e-09,8.765546e-24,6.482309e-23,1.2251479e-23,139.13211,7.0914132e-09,634.27374
Czech Republic,201912,0.0005993628,1.7018736e-10,2.2469847e-11,6.7280834e-12,128.0687,0.9999901,305.05118,1.2081305e-09,8.4393834e-27,1.6646634e-23,1.2873935e-24,478.68774,-9.795731e-11,1556.0161
Estonia,201912,0.00062795315,1.6196936e-11,8.425436e-12,2.3025791e-12,111.22042,0.9999901,295.54395,1.0284684e-09,2.563757e-29,2.5111622e-24,1.842997e-25,949.85223,-9.795731e-11,2080.397
France,201912,0.00054652616,2.8621808e-11,3.025098e-11,1.0270268e-11,90.778076,0.9999901,301.65536,8.0829365e-10,4.4642354e-25,1.7667365e-23,1.3310418e-24,195.90414,-9.795731e-11,680.5837
Germany,201912,0.00059206714,1.0050925e-10,2.0617575e-11,6.2955617e-12,123.865524,0.9999901,302.89954,1.1854926e-09,1.3213855e-26,8.757583e-24,7.522411e-25,830.19794,-9.795731e-11,1532.7576
Greece,201912,0.0005379474,4.2115013e-11,4.883105e-11,1.6483592e-11,95.19104,0.9999901,319.10626,1.3560651e-09,7.026993e-25,4.2000592e-23,7.500828e-24,217.36913,-9.795731e-11,1603.5747
Hungary,201912,0.000630474,2.1655142e-10,3.0883362e-11,9.361621e-12,132.45305,0.9999901,310.82642,1.7772098e-09,1.5775932e-26,3.8387502e-23,2.5283954e-24,537.4171,-9.795731e-11,1550.4447
Latvia,201912,0.00062829343,1.1904112e-10,1.0102145e-11,2.7987675e-12,117.184494,0.7289044,296.19656,8.841993e-10,5.0434563e-28,3.7373985e-24,2.835834e-25,675.4648,1.1683833e-09,2012.9633
Lithuania,201912,0.0006267884,1.1838651e-10,1.36754635e-11,3.844796e-12,122.42697,0.9999901,297.48724,7.775032e-10,7.0608386e-28,6.5397855e-24,4.934051e-25,656.2761,-9.795731e-11,1954.1519
Luxembourg,201912,0.00058415096,2.3181113e-10,2.3045474e-11,7.272556e-12,139.23773,0.9999901,301.62286,8.2921336e-10,1.311971e-26,9.926072e-24,1.0446253e-24,1546.9924,-9.795731e-11,1417.5002
Malta,201912,0.00059093355,1.7656987e-11,6.040211e-11,2.39393e-11,84.15202,0.0,310.78055,1.9659743e-09,0.0,5.070045e-23,1.2837375e-23,79.85384,0.0,1093.5322
Netherlands,201912,0.0006343172,6.157573e-10,1.9390666e-11,6.0478077e-12,175.62459,0.9999901,305.23593,1.2785997e-09,5.8100615e-27,7.359097e-24,8.868344e-25,5673.321,-9.795731e-11,1896.7396
Poland,201912,0.0006237558,1.8160372e-10,1.8845297e-11,5.499563e-12,133.3851,0.9999901,304.90283,1.0084861e-09,3.2143628e-27,1.0873516e-23,8.1673176e-25,488.76068,-9.795731e-11,1938.6039
Portugal,201912,0.0005633856,3.6577498e-11,5.1009016e-11,2.0144763e-11,91.44776,0.9999901,299.29315,9.298314e-10,1.2593627e-23,3.6694512e-23,2.1646732e-24,136.39409,-9.795731e-11,435.52393
Romania,201912,0.000575244,5.2474976e-11,2.904806e-11,8.61871e-12,110.96011,0.9999901,310.66568,2.0796533e-09,5.7303136e-24,2.5887461e-23,1.6876263e-24,319.9565,-9.795731e-11,1711.986
Slovakia,201912,0.00059666374,3.907985e-11,2.6338218e-11,7.7586566e-12,125.177605,0.9999901,307.47635,1.3629244e-09,8.6381794e-27,2.9900763e-23,1.856588e-24,499.7114,-9.795731e-11,1730.0962
Slovenia,201912,0.0005806958,1.6801631e-10,3.1780356e-11,9.943409e-12,118.7915,0.9999901,307.53033,1.2605025e-09,5.6486707e-28,3.2366884e-23,2.3964036e-24,463.48434,-9.795731e-11,1124.8247
Spain,201912,0.00053751,1.2573049e-09,4.7712806e-11,1.7026613e-11,162.71191,0.9999901,299.7341,8.170523e-10,1.0885819e-23,5.4803265e-23,2.4293833e-24,3585.084,-9.795731e-11,341.57428
Sweden,201912,0.0006338083,2.0584423e-11,7.193869e-12,2.0053271e-12,118.454926,0.7734981,300.024,1.2228455e-09,0.0,1.3414702e-24,1.2303477e-25,870.8996,7.499044e-09,2193.2512
Ireland,201912,0.00059528,1.6393368e-11,1.2706236e-11,3.9388497e-12,87.18663,0.9999901,317.7729,9.775818e-10,1.7240845e-26,2.2610505e-24,3.6754472e-25,40.018753,-9.795731e-11,3453.5203
Italy,201912,0.0005937425,5.8536986e-10,4.5315716e-11,1.585457e-11,122.35782,0.9999901,308.5909,1.2509411e-09,8.067378e-25,4.266293e-23,4.813596e-24,573.0915,-9.795731e-11,832.6062
Denmark,201912,0.00062424614,1.0510348e-10,1.2075224e-11,3.5790442e-12,109.668594,0.9999901,304.63553,1.1891731e-09,0.0,2.5034883e-24,3.4158634e-25,693.89874,-9.795731e-11,2538.0256
Finland,201912,0.0006243573,4.4222345e-11,4.8677538e-12,1.2987358e-12,108.377495,0.9999901,293.16922,1.1763791e-09,1.742325e-25,5.667671e-25,3.5471485e-26,378.60477,-9.795731e-11,1424.2008
Belgium,201912,0.0006121784,7.1655715e-10,2.468977e-11,7.922648e-12,148.9037,0.9999901,303.07193,1.1989069e-09,1.9474466e-26,1.1849963e-23,1.2608282e-24,3179.4727,-9.795731e-11,1585.1617
Croatia,201912,0.00057853863,2.6613493e-11,3.4366968e-11,1.0911432e-11,102.87275,0.99440145,307.8928,1.150772e-09,7.5525757e-28,3.335941e-23,2.5684092e-24,211.49164,1.058622e-08,1117.0868
Austria,202001,0.0005108134,5.2215263e-11,2.0894501e-11,6.1027945e-12,94.10666,0.99998736,329.84378,6.668164e-10,6.9557666e-28,4.825774e-24,2.3209792e-25,246.057,-1.5990198e-10,1020.7703
Bulgaria,202001,0.0005994687,1.03055245e-10,3.888469e-11,1.2051489e-11,119.63242,0.99998736,345.57684,6.3870775e-10,2.4680638e-21,9.446011e-24,7.835629e-25,369.95065,-1.5990198e-10,865.55585
Cyprus,202001,0.0006096688,1.4875685e-10,6.085203e-11,1.9983782e-11,96.10189,0.916715,340.32462,1.1790313e-09,1.5972471e-25,1.2558588e-23,1.0727208e-24,85.37678,7.0051076e-09,670.23004
Czech Republic,202001,0.0006089574,1.7012135e-10,2.1476296e-11,6.282355e-12,137.77682,0.99998736,327.5953,7.270158e-10,5.0434563e-28,5.413099e-24,2.7197355e-25,695.09216,-1.5990198e-10,1241.62
Estonia,202001,0.0006352504,1.6174933e-11,9.329702e-12,2.5017373e-12,101.10422,0.99998736,315.14902,1.2592865e-09,2.6961476e-28,3.720947e-24,1.0741582e-25,356.5671,-1.5990198e-10,2563.5242
France,202001,0.00056304294,2.855465e-11,3.4737067e-11,1.109514e-11,91.47563,0.99998736,334.94977,8.7360563e-10,9.4196525e-26,1.3187629e-23,5.221316e-25,81.04796,-1.5990198e-10,1297.2703
Germany,202001,0.0006045874,1.00464324e-10,2.1949905e-11,6.4752062e-12,128.83269,0.99998736,323.70914,8.381959e-10,8.708368e-28,7.954974e-24,4.544227e-25,920.7709,-1.5990198e-10,1505.544
Greece,202001,0.0005563121,4.362381e-11,4.4110847e-11,1.4135499e-11,99.91334,0.99998736,342.1663,7.321291e-10,8.562415e-23,1.07198695e-23,1.5086279e-24,148.63614,-1.5990198e-10,839.5597
Hungary,202001,0.0006492343,2.1664119e-10,2.819083e-11,8.323732e-12,152.43665,0.99998736,336.80402,1.027516e-09,6.600521e-25,4.926633e-24,2.6844513e-25,1081.5403,-1.5990198e-10,883.76337
Latvia,202001,0.0006399848,1.1901728e-10,1.0692899e-11,2.8859473e-12,112.04935,0.7288971,316.61444,1.1673383e-09,5.6486707e-28,3.382065e-24,1.0742026e-25,563.2664,3.2854368e-09,2089.3743
Lithuania,202001,0.0006375066,1.1830766e-10,1.3666415e-11,3.7621494e-12,120.727776,0.99998736,321.0387,1.0187164e-09,2.1249762e-27,3.063869e-24,1.1176302e-25,731.30865,-1.5990198e-10,1641.375
Luxembourg,202001,0.0005984692,2.3314528e-10,2.5798488e-11,7.795856e-12,147.79573,0.99998736,324.6683,1.0322307e-09,1.168724e-23,1.0447551e-23,6.228497e-25,1980.5261,-1.5990198e-10,1528.4839
Malta,202001,0.0006199527,1.7656987e-11,6.0389554e-11,2.188456e-11,88.46503,0.0,329.16245,6.554695e-10,0.0,8.16888e-24,1.5468323e-24,52.15674,0.0,542.0601
Netherlands,202001,0.0006483474,6.1583794e-10,2.283266e-11,6.844691e-12,168.56808,0.99998736,321.8078,1.6601779e-09,2.2917465e-26,1.1555383e-23,6.9941848e-25,4468.5635,-1.5990198e-10,1708.3358
Poland,202001,0.0006331562,1.8155788e-10,1.8339863e-11,5.322568e-12,135.17389,0.99998736,324.16287,7.521885e-10,0.0,3.2715452e-24,1.453895e-25,643.06134,-1.5990198e-10,1239.3175
Portugal,202001,0.000589209,3.6625498e-11,5.513543e-11,2.0632754e-11,91.72387,0.99998736,324.02704,8.508269e-10,2.3957228e-24,1.7808016e-23,1.7328265e-24,75.02106,-1.5990198e-10,1173.627
Romania,202001,0.000580745,5.171376e-11,2.5701868e-11,7.527923e-12,111.35303,0.99998736,342.57327,6.150831e-10,1.5828046e-27,4.5472763e-24,2.201954e-25,272.7181,-1.5990198e-10,1049.454
Slovakia,202001,0.00060421304,3.9045947e-11,2.3480018e-11,6.907766e-12,124.17216,0.99998736,333.21304,8.6598895e-10,2.0657444e-26,3.7905496e-24,1.7750142e-25,514.0281,-1.5990198e-10,1037.3179
Slovenia,202001,0.00059865025,1.7207122e-10,3.042035e-11,9.210374e-12,138.75339,0.99998736,335.87048,7.94549e-10,3.1225205e-22,8.285108e-24,4.199954e-25,760.988,-1.5990198e-10,839.96234
Spain,202001,0.0005593216,1.2569877e-09,4.978604e-11,1.6868186e-11,170.98575,0.99998736,328.2438,6.079648e-10,8.823044e-25,1.20219736e-23,1.2844931e-24,4645.605,-1.5990198e-10,1377.6803
Sweden,202001,0.000639222,2.0584423e-11,7.994722e-12,2.159809e-12,112.06925,0.77349937,311.2936,1.4357486e-09,0.0,4.109978e-24,1.30791e-25,626.36505,3.5709427e-09,2602.9392
Ireland,202001,0.0006072005,1.6966385e-11,1.8094744e-11,5.3322854e-12,84.49642,0.99998736,326.28638,7.675939e-10,7.821728e-26,1.0543375e-23,1.0760092e-24,21.64451,-1.5990198e-10,2622.9385
Italy,202001,0.0006164636,5.844656e-10,4.9787893e-11,1.676404e-11,136.17766,0.99998736,336.71255,7.4604867e-10,2.0581999e-25,2.2975489e-23,1.6402949e-24,612.83844,-1.5990198e-10,618.30927
Denmark,202001,0.0006332072,1.0511265e-10,1.3861795e-11,3.9740576e-12,102.66082,0.99998736,314.46436,1.2315906e-09,1.7652096e-28,6.366177e-24,3.4892617e-25,686.4032,-1.5990198e-10,1790.437
Finland,202001,0.00062741496,4.4745856e-11,5.778729e-12,1.4822786e-12,101.172874,0.99998736,309.63522,1.4813789e-09,1.9689569e-25,2.761342e-24,6.568236e-26,405.2848,-1.5990198e-10,2854.2612
Belgium,202001,0.000622739,7.168065e-10,2.8054298e-11,8.6544695e-12,141.77582,0.99998736,324.47104,1.0935269e-09,3.6151495e-26,1.3057037e-23,8.052848e-25,1649.4236,-1.5990198e-10,1628.9193
Croatia,202001,0.0005898557,2.655092e-11,3.3943837e-11,1.0642991e-11,112.930305,0.99441546,337.00037,7.596115e-10,1.5697758e-28,1.0955687e-23,5.43167e-25,385.77838,1.3019071e-08,751.61316
Austria,202002,0.00051569636,5.2495876e-11,3.313183e-11,9.695279e-12,93.33686,0.999988,333.92508,5.3129057e-10,4.320207e-26,5.1240668e-23,5.3142005e-24,150.47755,-1.4423995e-10,1119.3727
Bulgaria,202002,0.00060794223,9.696487e-11,5.4707523e-11,1.7065616e-11,108.65516,0.999988,340.6351,7.4191014e-10,1.02513e-21,8.25407e-23,8.966627e-24,186.76288,-1.4423995e-10,1075.8206
Cyprus,202002,0.0005979345,1.5034023e-10,6.994464e-11,2.4423e-11,94.15116,0.9167097,329.12418,5.9836025e-10,1.8668404e-23,3.29331e-23,6.1044e-24,63.528175,7.851479e-09,576.8538
Czech Republic,202002,0.0006068899,1.703068e-10,3.555802e-11,1.03349005e-11,116.05101,0.999988,349.95694,9.116039e-10,1.0226801e-25,6.978784e-23,6.011482e-24,480.52206,-1.4423995e-10,1368.6333
Estonia,202002,0.0006340541,1.6163378e-11,1.8323728e-11,4.779374e-12,96.97127,0.999988,369.25977,5.9010197e-10,3.612019e-27,2.2867927e-23,1.3618992e-24,113.41789,-1.4423995e-10,1971.3716
France,202002,0.00056829007,3.1200178e-11,4.806399e-11,1.6096608e-11,86.42817,0.999988,313.28586,1.0030673e-09,3.4830473e-24,5.999698e-23,7.8702665e-24,36.174427,-1.4423995e-10,662.04553
Germany,202002,0.00060443074,1.0110288e-10,3.776616e-11,1.0999301e-11,111.479195,0.999988,349.2726,1.037916e-09,4.0382187e-25,7.3094514e-23,6.0886904e-24,542.60455,-1.4423995e-10,1319.2948
Greece,202002,0.0005548763,4.6418307e-11,5.9955124e-11,2.01222e-11,96.635735,0.999988,321.9615,8.1825297e-10,6.351116e-24,6.5934774e-23,8.460721e-24,85.406555,-1.4423995e-10,969.7544
Hungary,202002,0.0006329402,2.2458566e-10,4.061052e-11,1.2370353e-11,116.29459,0.999988,345.36746,6.3022154e-10,8.801509e-22,7.212106e-23,7.1366566e-24,331.4398,-1.4423995e-10,1182.9172
Latvia,202002,0.0006355969,1.1899484e-10,2.0006437e-11,5.316126e-12,101.54706,0.72889227,369.06564,5.758143e-10,5.2175202e-27,2.6098901e-23,1.7076364e-24,108.49864,2.6618738e-09,1818.2355
Lithuania,202002,0.0006333121,1.1824215e-10,2.3745327e-11,6.451093e-12,103.28179,0.999988,368.01917,5.2167376e-10,1.464594e-26,3.4994974e-23,2.4741112e-24,124.89293,-1.4423995e-10,1711.6516
Luxembourg,202002,0.0005925411,2.3514848e-10,4.1229343e-11,1.2538928e-11,113.28469,0.999988,339.58667,9.232407e-10,6.4963857e-23,6.2543556e-23,6.2163687e-24,841.84607,-1.4423995e-10,1109.6488
Malta,202002,0.0006185896,1.7662132e-11,7.131527e-11,2.7423553e-11,90.07351,0.0,309.84976,9.966201e-10,1.00854135e-29,5.5449866e-23,7.590239e-24,40.047554,0.0,486.1558
Netherlands,202002,0.0006391723,6.1666877e-10,3.9003845e-11,1.16505e-11,122.990036,0.999988,351.70602,1.3307925e-09,1.6659182e-25,6.424457e-23,5.831985e-24,1241.1011,-1.4423995e-10,1318.7195
Poland,202002,0.0006300066,1.8185582e-10,2.949136e-11,8.330496e-12,115.34892,0.999988,358.5367,7.3525613e-10,1.7997756e-25,5.0922852e-23,3.7006617e-24,375.0072,-1.4423995e-10,1488.2372
Portugal,202002,0.0005794586,4.7056838e-11,6.9525996e-11,2.9133602e-11,88.905174,0.999988,297.42282,6.8903255e-10,1.0184044e-22,8.4337416e-23,1.18197435e-23,85.70042,-1.4423995e-10,336.07867
Romania,202002,0.000588228,9.4864276e-11,3.805672e-11,1.108127e-11,108.95084,0.999988,349.14374,4.746014e-10,2.0430408e-20,6.621579e-23,5.9048523e-24,546.4014,-1.4423995e-10,1134.1576
Slovakia,202002,0.00060003897,3.9617986e-11,3.4496562e-11,1.00827445e-11,106.83383,0.999988,349.4082,6.169224e-10,8.700174e-25,5.472824e-23,4.8579518e-24,201.75333,-1.4423995e-10,1291.3329
Slovenia,202002,0.0005940628,1.6799974e-10,4.63799e-11,1.44483635e-11,115.08473,0.999988,331.35495,6.605999e-10,1.4753519e-27,9.5320285e-23,1.10333115e-23,298.40063,-1.4423995e-10,1154.7236
Spain,202002,0.0005575729,1.271309e-09,6.514852e-11,2.454756e-11,167.16133,0.999988,295.77658,6.246446e-10,1.6488492e-21,6.864519e-23,9.647551e-24,2911.1375,-1.4423995e-10,363.98505
Sweden,202002,0.0006389175,2.0598145e-11,1.7607442e-11,4.5816064e-12,103.056175,0.77350825,361.93463,6.952454e-10,2.9920058e-28,2.4727604e-23,1.2927686e-24,296.6274,2.4605722e-09,2266.7083
Ireland,202002,0.00061491854,1.8163188e-11,3.4889536e-11,1.0146908e-11,86.0009,0.999988,361.96317,9.788118e-10,1.7986866e-25,5.669649e-23,4.6928124e-24,31.040924,-1.4423995e-10,1618.3414
Italy,202002,0.0006170282,5.8769983e-10,6.956644e-11,2.469562e-11,129.06483,0.999988,317.13934,8.479077e-10,2.0089195e-23,1.0339711e-22,1.3647137e-23,900.4781,-1.4423995e-10,828.60376
Denmark,202002,0.0006282205,1.0513288e-10,2.7454166e-11,7.68577e-12,97.4721,0.999988,367.20108,8.8867363e-10,1.0853826e-27,5.329831e-23,3.6142735e-24,338.37674,-1.4423995e-10,1828.3018
Finland,202002,0.00062539475,4.26948e-11,1.3148389e-11,3.2315203e-12,98.75297,0.999988,359.39053,6.2428357e-10,1.7006023e-25,1.3470332e-23,6.557815e-25,115.534454,-1.4423995e-10,2865.9834
Belgium,202002,0.00062146276,7.180069e-10,4.4970107e-11,1.3848466e-11,118.51047,0.999988,342.24164,1.1973607e-09,3.8887815e-25,6.937795e-23,6.987994e-24,822.0768,-1.4423995e-10,1122.2325
Croatia,202002,0.00059183035,7.496915e-11,5.01538e-11,1.6006519e-11,100.98191,0.9944145,328.05988,7.163756e-10,1.6113231e-20,8.969179e-23,1.0188841e-23,62.700043,1.2126867e-08,1162.3555
Austria,202003,0.0005344829,5.4617356e-11,7.5286576e-11,2.1495137e-11,103.49644,1.0000052,368.80643,1.0625254e-09,3.1009834e-24,3.361721e-22,1.763671e-23,309.11826,-2.7424951e-11,1000.26074
Bulgaria,202003,0.0006196222,1.0721414e-10,1.01270894e-10,3.1910814e-11,114.440384,1.0000052,357.67056,2.1725213e-09,2.1896065e-21,6.0142957e-22,2.2053992e-23,264.8557,-2.7424951e-11,678.9216
Cyprus,202003,0.0005901816,1.5226702e-10,9.373295e-11,3.5142275e-11,99.361465,0.91663647,333.0212,8.425473e-10,5.6414086e-25,1.5079341e-22,1.2398577e-23,89.80399,-1.1927725e-09,627.65186
Czech Republic,202003,0.00063208304,1.7636542e-10,8.345405e-11,2.4025587e-11,123.69528,1.0000052,377.7488,8.6980073e-10,3.3862978e-23,3.9156458e-22,2.5326965e-23,790.50775,-2.7424951e-11,1008.17773
Estonia,202003,0.00064950815,1.7629941e-11,4.579821e-11,1.2757386e-11,99.62175,1.0000052,400.71527,7.69333e-10,2.4806834e-24,1.5734127e-22,1.2054174e-23,119.429016,-2.7424951e-11,1085.4487
France,202003,0.0005849393,4.402496e-11,9.162027e-11,2.9567484e-11,96.99297,1.0000052,355.32196,1.1086252e-09,2.17117e-22,3.1170563e-22,2.2329416e-23,161.3972,-2.7424951e-11,764.9711
Germany,202003,0.0006234188,1.08148275e-10,8.2775065e-11,2.444304e-11,114.72941,1.0000052,374.72095,7.759945e-10,3.9075464e-23,2.8623468e-22,2.4575849e-23,476.68552,-2.7424951e-11,1159.9879
Greece,202003,0.00055689324,5.825016e-11,9.4220166e-11,3.171644e-11,99.121376,1.0000052,342.58182,9.555761e-10,1.522642e-22,2.5842278e-22,1.22901594e-23,135.46536,-2.7424951e-11,589.81525
Hungary,202003,0.0006597979,2.4171495e-10,9.198492e-11,2.7672448e-11,125.49293,1.0000052,372.8745,1.1250294e-09,4.5842277e-21,5.488693e-22,3.2707678e-23,601.7064,-2.7424951e-11,912.7516
Latvia,202003,0.00065203174,1.2116083e-10,5.0555227e-11,1.4227594e-11,104.1596,0.72889,396.22647,9.181951e-10,1.7359717e-23,2.118618e-22,1.532082e-23,157.40306,3.3437408e-10,1143.3752
Lithuania,202003,0.0006552273,1.2587334e-10,6.059127e-11,1.7073447e-11,109.54144,1.0000052,390.8885,1.4610437e-09,2.764836e-22,3.1097952e-22,2.121897e-23,325.62173,-2.7424951e-11,1095.2524
Luxembourg,202003,0.00061441556,2.3767624e-10,8.3865075e-11,2.5529835e-11,125.19392,1.0000052,368.5545,9.389209e-10,7.7537564e-24,2.7854593e-22,2.3710893e-23,1160.7385,-2.7424951e-11,1047.9547
Malta,202003,0.00062272977,1.7665468e-11,1.0202708e-10,3.750693e-11,96.013535,0.0,339.42172,1.3816572e-09,7.8804005e-30,2.3847937e-22,1.398303e-23,104.767815,0.0,566.5366
Netherlands,202003,0.00065937574,6.3346306e-10,8.205054e-11,2.5177133e-11,145.98163,1.0000052,372.82745,1.2002576e-09,2.0320158e-21,3.0872525e-22,2.8710987e-23,3217.6096,-2.7424951e-11,1410.1274
Poland,202003,0.00065873016,1.8734857e-10,7.274581e-11,2.0490384e-11,126.30967,1.0000052,383.44977,1.9461448e-09,2.9057168e-23,4.5462935e-22,2.4721831e-23,1154.1914,-2.7424951e-11,1132.9135
Portugal,202003,0.0005973568,6.5903887e-11,1.1329308e-10,4.3267945e-11,95.519646,1.0000052,331.66086,1.4359887e-09,1.2436926e-22,2.976464e-22,1.4916424e-23,148.83794,-2.7424951e-11,964.31024
Romania,202003,0.00061329716,1.9616511e-10,8.524179e-11,2.5128724e-11,114.99646,1.0000052,361.17307,1.6412616e-09,1.2098315e-19,5.524353e-22,2.4387916e-23,433.18478,-2.7424951e-11,650.27313
Slovakia,202003,0.00062192976,5.9148346e-11,7.982887e-11,2.3369357e-11,111.86549,1.0000052,378.10815,8.1182094e-10,1.2411893e-21,4.504557e-22,2.6403037e-23,332.81018,-2.7424951e-11,1080.5493
Slovenia,202003,0.0006145928,1.6839917e-10,1.03128006e-10,3.082165e-11,116.54565,1.0000052,367.77014,1.3286946e-09,6.9881066e-25,5.195954e-22,2.953254e-23,257.79636,-2.7424951e-11,1167.6663
Spain,202003,0.0005611335,1.2753841e-09,1.0659385e-10,3.717138e-11,144.84467,1.0000052,332.26334,1.2420501e-09,1.6398762e-22,3.333651e-22,1.5534276e-23,1866.0557,-2.7424951e-11,725.4726
Sweden,202003,0.0006560432,2.0774894e-11,4.455829e-11,1.235041e-11,112.07341,0.7735182,402.5915,8.2645285e-10,2.1069144e-26,1.3653276e-22,1.2067488e-23,479.65222,5.657283e-09,1315.7181
Ireland,202003,0.00063422165,2.0004987e-11,6.95179e-11,2.1619e-11,90.34649,1.0000052,374.3776,1.1035106e-09,5.5777115e-25,1.5619358e-22,1.7942371e-23,72.26943,-2.7424951e-11,1381.809
Italy,202003,0.000637842,5.956848e-10,1.2193489e-10,3.9691927e-11,133.98419,1.0000052,355.60574,2.0025688e-09,8.6865576e-23,5.794232e-22,2.842509e-23,1024.3219,-2.7424951e-11,934.4797
Denmark,202003,0.00064649584,1.0544913e-10,6.6831936e-11,1.9803846e-11,100.65015,1.0000052,389.87808,9.805764e-10,6.8328747e-26,2.6328267e-22,2.5308763e-23,182.44485,-2.7424951e-11,1654.911
Finland,202003,0.0006450219,4.3503093e-11,3.483758e-11,9.221446e-12,103.45924,1.0000052,408.52353,8.3913165e-10,1.7777708e-24,1.1285284e-22,8.594371e-24,239.37318,-2.7424951e-11,1166.2125
Belgium,202003,0.00064851856,7.244712e-10,9.034275e-11,2.7711163e-11,147.02972,1.0000052,369.8009,1.6461017e-09,4.1068742e-23,3.613069e-22,2.7757693e-23,4001.9814,-2.7424951e-11,1151.8047
Croatia,202003,0.0006067695,4.0140613e-11,1.0122849e-10,3.1100404e-11,108.398926,0.99443,365.489,1.07603e-09,1.3964934e-21,4.05854e-22,2.53259e-23,182.02867,5.540997e-09,1164.7827
Austria,202004,0.0005619976,6.4478436e-11,1.2943299e-10,4.1271323e-11,105.31211,1.0000144,328.71255,7.3581014e-10,1.5858575e-23,3.45673e-22,4.6788574e-23,185.3824,-2.0951307e-10,500.38773
Bulgaria,202004,0.0006485659,1.5337215e-10,1.725211e-10,5.6246976e-11,109.518234,1.0000144,343.3135,9.415725e-10,2.359578e-20,5.6437053e-22,1.0803974e-22,193.72847,-2.0951307e-10,712.239
Cyprus,202004,0.00061033416,1.5675307e-10,1.3895778e-10,5.3633067e-11,95.54319,0.91663367,346.92993,4.4471976e-10,1.3053475e-22,2.4214392e-22,5.784679e-23,84.4167,4.8323723e-10,247.44774
Czech Republic,202004,0.0006446446,2.2269514e-10,1.4684685e-10,4.854357e-11,121.84662,1.0000144,332.79678,8.0101864e-10,7.1731245e-21,5.4146913e-22,8.074268e-23,714.40857,-2.0951307e-10,555.46643
Estonia,202004,0.0006509135,3.0443204e-11,9.580731e-11,2.7447683e-11,93.0339,1.0000144,343.68628,1.1135728e-09,6.771589e-23,3.6871828e-22,3.573995e-23,75.21181,-2.0951307e-10,1153.6853
France,202004,0.000609653,6.560536e-11,1.351195e-10,4.664766e-11,100.54879,1.0000144,336.8963,5.8023586e-10,1.1624914e-22,3.1414393e-22,3.7984776e-23,122.19516,-2.0951307e-10,426.00092
Germany,202004,0.0006449913,1.3661558e-10,1.412824e-10,4.6784895e-11,115.56606,1.0000144,331.53427,9.617385e-10,1.8964914e-22,4.6502166e-22,6.94035e-23,592.16187,-2.0951307e-10,537.0692
Greece,202004,0.00058656116,9.0724386e-11,1.412702e-10,4.8153995e-11,102.873985,1.0000144,341.7145,7.9479134e-10,9.471318e-22,2.0837093e-22,5.557944e-23,142.70279,-2.0951307e-10,726.1274
Hungary,202004,0.00067603803,2.461189e-10,1.6882895e-10,5.6419206e-11,119.57969,1.0000144,338.3005,8.078185e-10,1.0969493e-22,6.4118645e-22,1.080521e-22,474.3056,-2.0951307e-10,528.68933
Latvia,202004,0.00065170444,1.4559305e-10,1.0551916e-10,3.1240305e-11,95.74735,0.7288868,343.70032,8.724972e-10,1.0600412e-21,3.6454593e-22,4.2742854e-23,65.299736,-7.408717e-10,972.51196
Lithuania,202004,0.0006547055,1.4052262e-10,1.2348733e-10,3.7710526e-11,97.741325,1.0000144,340.72037,9.210915e-10,1.0831766e-22,4.3431294e-22,5.6961784e-23,169.1458,-2.0951307e-10,649.87115
Luxembourg,202004,0.0006460862,2.61352e-10,1.3963733e-10,4.6601733e-11,139.01411,1.0000144,332.8323,1.4294305e-09,4.31216e-22,3.9915976e-22,6.422558e-23,2461.2942,-2.0951307e-10,510.0238
Malta,202004,0.0006496762,1.7672619e-11,1.4625699e-10,5.6552214e-11,94.438736,0.0,333.8557,6.5202116e-10,8.0779355e-30,1.8857446e-22,6.032434e-23,87.968475,0.0,610.97626
Netherlands,202004,0.0006928891,6.518652e-10,1.4289284e-10,4.7898158e-11,160.2757,1.0000144,335.70078,1.8828994e-09,4.8787525e-21,5.854772e-22,7.2477877e-23,4835.863,-2.0951307e-10,581.78204
Poland,202004,0.00066286774,2.1499129e-10,1.4240988e-10,4.573412e-11,112.391846,1.0000144,331.88693,9.098661e-10,1.7821866e-22,7.1388236e-22,9.493819e-23,491.84015,-2.0951307e-10,477.6215
Portugal,202004,0.0006160196,1.07352904e-10,1.5226896e-10,5.621072e-11,95.56422,1.0000144,348.36932,4.5594228e-10,2.7673933e-21,1.6460473e-22,2.7216244e-23,165.83138,-2.0951307e-10,610.9275
Romania,202004,0.00062734034,1.2655449e-10,1.6033837e-10,5.031967e-11,109.6581,1.0000144,341.83923,8.29932e-10,7.5845515e-21,4.635642e-22,7.778922e-23,341.30206,-2.0951307e-10,494.90433
Slovakia,202004,0.0006360393,8.380781e-11,1.5211767e-10,4.97824e-11,105.024895,1.0000144,335.6629,8.473785e-10,1.5042641e-21,6.1971444e-22,8.849726e-23,250.10577,-2.0951307e-10,494.54666
Slovenia,202004,0.0006406029,1.6908162e-10,1.6350525e-10,5.369753e-11,118.30551,1.0000144,333.15814,9.705158e-10,1.1754219e-25,3.7765084e-22,6.281042e-23,355.48083,-2.0951307e-10,531.0593
Spain,202004,0.0005927104,1.3033129e-09,1.552549e-10,5.3194466e-11,153.70204,1.0000144,341.4453,6.314971e-10,1.697742e-21,2.8425799e-22,3.4492978e-23,2483.1497,-2.0951307e-10,457.28577
Sweden,202004,0.0006503865,2.1809636e-11,8.9627104e-11,2.6658151e-11,93.324936,0.7735157,332.82388,1.0235467e-09,3.6250303e-25,2.4197136e-22,3.2016838e-23,188.54568,5.8300618e-09,1314.1282
Ireland,202004,0.00065617595,2.4917549e-11,1.0408047e-10,3.4768702e-11,99.81415,1.0000144,339.0047,1.0605403e-09,4.1307953e-23,2.4735926e-22,2.8492088e-23,328.8519,-2.0951307e-10,795.07806
Italy,202004,0.0006580679,6.1426103e-10,1.7732144e-10,6.199134e-11,139.25534,1.0000144,338.36008,1.0724434e-09,1.05566363e-22,2.647077e-22,6.3367183e-23,1233.3251,-2.0951307e-10,653.6595
Denmark,202004,0.0006586149,1.0797976e-10,1.2062945e-10,3.972297e-11,94.18659,1.0000144,332.0222,1.076572e-09,4.258763e-24,3.057136e-22,5.263926e-23,189.94774,-2.0951307e-10,835.6405
Finland,202004,0.00063963665,5.7049e-11,8.1398666e-11,2.2261136e-11,92.177414,1.0000144,335.8902,1.1376444e-09,1.0586253e-22,2.929662e-22,2.7346523e-23,35.53486,-2.0951307e-10,1865.1051
Belgium,202004,0.0006803319,7.419279e-10,1.4827774e-10,4.9796986e-11,165.96056,1.0000144,334.301,1.474019e-09,1.2507574e-21,4.841833e-22,7.092406e-23,4234.0654,-2.0951307e-10,537.74243
Croatia,202004,0.0006312597,6.1584196e-11,1.5465283e-10,5.1647773e-11,109.2211,0.9944304,334.2974,6.915001e-10,7.161654e-21,2.8211875e-22,5.2737403e-23,295.14835,4.775975e-09,601.1451
