freq,s_adj,age,unit,sex,geo\TIME_PERIOD	1983-01 	1983-02 	1983-03 	1983-04 	1983-05 	1983-06 	1983-07 	1983-08 	1983-09 	1983-10 	1983-11 	1983-12 	1984-01 	1984-02 	1984-03 	1984-04 	1984-05 	1984-06 	1984-07 	1984-08 	1984-09 	1984-10 	1984-11 	1984-12 	1985-01 	1985-02 	1985-03 	1985-04 	1985-05 	1985-06 	1985-07 	1985-08 	1985-09 	1985-10 	1985-11 	1985-12 	1986-01 	1986-02 	1986-03 	1986-04 	1986-05 	1986-06 	1986-07 	1986-08 	1986-09 	1986-10 	1986-11 	1986-12 	1987-01 	1987-02 	1987-03 	1987-04 	1987-05 	1987-06 	1987-07 	1987-08 	1987-09 	1987-10 	1987-11 	1987-12 	1988-01 	1988-02 	1988-03 	1988-04 	1988-05 	1988-06 	1988-07 	1988-08 	1988-09 	1988-10 	1988-11 	1988-12 	1989-01 	1989-02 	1989-03 	1989-04 	1989-05 	1989-06 	1989-07 	1989-08 	1989-09 	1989-10 	1989-11 	1989-12 	1990-01 	1990-02 	1990-03 	1990-04 	1990-05 	1990-06 	1990-07 	1990-08 	1990-09 	1990-10 	1990-11 	1990-12 	1991-01 	1991-02 	1991-03 	1991-04 	1991-05 	1991-06 	1991-07 	1991-08 	1991-09 	1991-10 	1991-11 	1991-12 	1992-01 	1992-02 	1992-03 	1992-04 	1992-05 	1992-06 	1992-07 	1992-08 	1992-09 	1992-10 	1992-11 	1992-12 	1993-01 	1993-02 	1993-03 	1993-04 	1993-05 	1993-06 	1993-07 	1993-08 	1993-09 	1993-10 	1993-11 	1993-12 	1994-01 	1994-02 	1994-03 	1994-04 	1994-05 	1994-06 	1994-07 	1994-08 	1994-09 	1994-10 	1994-11 	1994-12 	1995-01 	1995-02 	1995-03 	1995-04 	1995-05 	1995-06 	1995-07 	1995-08 	1995-09 	1995-10 	1995-11 	1995-12 	1996-01 	1996-02 	1996-03 	1996-04 	1996-05 	1996-06 	1996-07 	1996-08 	1996-09 	1996-10 	1996-11 	1996-12 	1997-01 	1997-02 	1997-03 	1997-04 	1997-05 	1997-06 	1997-07 	1997-08 	1997-09 	1997-10 	1997-11 	1997-12 	1998-01 	1998-02 	1998-03 	1998-04 	1998-05 	1998-06 	1998-07 	1998-08 	1998-09 	1998-10 	1998-11 	1998-12 	1999-01 	1999-02 	1999-03 	1999-04 	1999-05 	1999-06 	1999-07 	1999-08 	1999-09 	1999-10 	1999-11 	1999-12 	2000-01 	2000-02 	2000-03 	2000-04 	2000-05 	2000-06 	2000-07 	2000-08 	2000-09 	2000-10 	2000-11 	2000-12 	2001-01 	2001-02 	2001-03 	2001-04 	2001-05 	2001-06 	2001-07 	2001-08 	2001-09 	2001-10 	2001-11 	2001-12 	2002-01 	2002-02 	2002-03 	2002-04 	2002-05 	2002-06 	2002-07 	2002-08 	2002-09 	2002-10 	2002-11 	2002-12 	2003-01 	2003-02 	2003-03 	2003-04 	2003-05 	2003-06 	2003-07 	2003-08 	2003-09 	2003-10 	2003-11 	2003-12 	2004-01 	2004-02 	2004-03 	2004-04 	2004-05 	2004-06 	2004-07 	2004-08 	2004-09 	2004-10 	2004-11 	2004-12 	2005-01 	2005-02 	2005-03 	2005-04 	2005-05 	2005-06 	2005-07 	2005-08 	2005-09 	2005-10 	2005-11 	2005-12 	2006-01 	2006-02 	2006-03 	2006-04 	2006-05 	2006-06 	2006-07 	2006-08 	2006-09 	2006-10 	2006-11 	2006-12 	2007-01 	2007-02 	2007-03 	2007-04 	2007-05 	2007-06 	2007-07 	2007-08 	2007-09 	2007-10 	2007-11 	2007-12 	2008-01 	2008-02 	2008-03 	2008-04 	2008-05 	2008-06 	2008-07 	2008-08 	2008-09 	2008-10 	2008-11 	2008-12 	2009-01 	2009-02 	2009-03 	2009-04 	2009-05 	2009-06 	2009-07 	2009-08 	2009-09 	2009-10 	2009-11 	2009-12 	2010-01 	2010-02 	2010-03 	2010-04 	2010-05 	2010-06 	2010-07 	2010-08 	2010-09 	2010-10 	2010-11 	2010-12 	2011-01 	2011-02 	2011-03 	2011-04 	2011-05 	2011-06 	2011-07 	2011-08 	2011-09 	2011-10 	2011-11 	2011-12 	2012-01 	2012-02 	2012-03 	2012-04 	2012-05 	2012-06 	2012-07 	2012-08 	2012-09 	2012-10 	2012-11 	2012-12 	2013-01 	2013-02 	2013-03 	2013-04 	2013-05 	2013-06 	2013-07 	2013-08 	2013-09 	2013-10 	2013-11 	2013-12 	2014-01 	2014-02 	2014-03 	2014-04 	2014-05 	2014-06 	2014-07 	2014-08 	2014-09 	2014-10 	2014-11 	2014-12 	2015-01 	2015-02 	2015-03 	2015-04 	2015-05 	2015-06 	2015-07 	2015-08 	2015-09 	2015-10 	2015-11 	2015-12 	2016-01 	2016-02 	2016-03 	2016-04 	2016-05 	2016-06 	2016-07 	2016-08 	2016-09 	2016-10 	2016-11 	2016-12 	2017-01 	2017-02 	2017-03 	2017-04 	2017-05 	2017-06 	2017-07 	2017-08 	2017-09 	2017-10 	2017-11 	2017-12 	2018-01 	2018-02 	2018-03 	2018-04 	2018-05 	2018-06 	2018-07 	2018-08 	2018-09 	2018-10 	2018-11 	2018-12 	2019-01 	2019-02 	2019-03 	2019-04 	2019-05 	2019-06 	2019-07 	2019-08 	2019-09 	2019-10 	2019-11 	2019-12 	2020-01 	2020-02 	2020-03 	2020-04 	2020-05 	2020-06 	2020-07 	2020-08 	2020-09 
M,NSA,TOTAL,THS_PER,T,AT	: 	: 	: 	: 	: 	: 	: 	: 	: 	: 	: 	: 	: 	: 	: 	: 	: 	: 	: 	: 	: 	: 	: 	: 	: 	: 	: 	: 	: 	: 	: 	: 	: 	: 	: 	: 	: 	: 	: 	: 	: 	: 	: 	: 	: 	: 	: 	: 	: 	: 	: 	: 	: 	: 	: 	: 	: 	: 	: 	: 	: 	: 	: 	: 	: 	: 	: 	: 	: 	: 	: 	: 	: 	: 	: 	: 	: 	: 	: 	: 	: 	: 	: 	: 	: 	: 	: 	: 	: 	: 	: 	: 	: 	: 	: 	: 	: 	: 	: 	: 	: 	: 	: 	: 	: 	: 	: 	: 	: 	: 	: 	: 	: 	: 	: 	: 	: 	: 	: 	: 	: 	: 	: 	: 	: 	: 	: 	: 	: 	: 	: 	: 	196 	196 	178 	165 	155 	138 	131 	132 	135 	146 	160 	173 	180 	186 	180 	163 	132 	129 	134 	146 	159 	157 	161 	179 	209 	225 	228 	196 	151 	144 	145 	157 	168 	161 	162 	176 	205 	219 	219 	190 	147 	142 	146 	160 	175 	169 	171 	188 	220 	235 	236 	202 	154 	146 	145 	155 	168 	158 	156 	168 	190 	202 	204 	177 	135 	127 	125 	133 	145 	139 	143 	160 	190 	205 	200 	160 	119 	113 	118 	129 	142 	135 	133 	142 	159 	171 	177 	164 	135 	130 	130 	139 	152 	149 	152 	168 	195 	209 	211 	180 	138 	134 	139 	152 	165 	158 	157 	168 	192 	207 	219 	206 	169 	164 	161 	172 	182 	180 	182 	196 d	218 	223 	229 	230 	196 	197 	200 	209 	222 	219 	207 	210 	209 	221 	234 	224 	225 	221 	235 	216 	224 	229 	229 	214 	230 	240 	243 	222 	189 	221 	217 	189 	197 	194 	195 	202 	197 	224 	204 	218 	212 	191 	217 	215 	183 	186 	191 	166 	177 	194 	180 	159 	158 	147 	166 	184 	159 	159 	187 	194 	196 	204 	213 	236 	210 	218 	251 	227 	251 	214 	245 	209 	215 	242 	196 	237 	212 	171 	206 	200 	204 	192 	185 	182 	194 	242 	199 	200 	191 	172 	179 	165 	173 	198 	214 	197 	175 	227 	197 	202 	205 	212 	216 	223 	222 	201 	217 	209 	239 	241 	251 	225 	212 	210 	241 	223 	238 	226 	242 	228 	257 	248 	264 	229 	223 	255 	251 	231 	254 	235 	246 	246 	243 	254 	256 	261 	254 	247 	249 	243 	257 	231 	274 	252 	277 	287 	262 	265 	282 	273 	277 	289 	272 	252 	255 	249 	256 	274 	263 	250 	250 	224 	252 	245 	247 	226 	248 	240 	243 	237 	226 	226 	191 	208 	230 	223 	225 	221 	194 	218 	214 	232 	221 	215 	203 	188 	207 	212 	192 	201 	171 	198 	192 	220 	215 	222 	252 	281 	263 	250 	: 
M,NSA,TOTAL,THS_PER,T,BE	: 	: 	: 	: 	: 	: 	: 	: 	: 	: 	: 	: 	: 	: 	: 	: 	: 	: 	: 	: 	: 	: 	: 	: 	: 	: 	: 	: 	: 	: 	: 	: 	: 	: 	: 	: 	: 	: 	: 	380 	372 	367 	382 	401 	403 	406 	403 	401 	402 	393 	380 	370 	361 	354 	370 	388 	388 	385 	379 	374 	372 	363 	350 	338 	326 	317 	331 	348 	343 	333 	324 	319 	314 	304 	294 	282 	269 	263 	276 	295 	294 	285 	278 	274 	272 	265 	254 	244 	236 	231 	248 	267 	267 	263 	259 	258 	257 	254 	247 	240 	234 	233 	249 	270 	274 	273 	272 	273 	276 	274 	269 	266 	263 	263 	282 	304 	310 	310 	311 	317 	324 	326 	325 	323 	322 	325 	350 	379 	391 	392 	393 	398 	403 	404 	399 	394 	389 	385 	401 	425 	429 	423 	414 	411 	411 	408 	399 	389 	381 	377 	396 	423 	430 	428 	421 	418 	422 	419 	406 	396 	386 	375 	389 	413 	415 	404 	394 	390 	390 	386 	379 	372 	366 	365 	385 	411 	417 	410 	401 	400 	403 	402 	397 	390 	382 	375 	392 	421 	428 	414 	398 	394 	394 	394 	391 	383 	371 	354 	368 	375 	357 	350 	338 	335 	327 	314 	298 	295 	283 	276 	303 	323 	314 	310 	295 	285 	274 	265 	262 	272 	269 	257 	269 	281 	298 	326 	324 	332 	330 	325 	318 	307 	299 	296 	332 	339 	345 	355 	358 	363 	366 	361 	352 	346 	334 	331 	365 	371 	375 	379 	377 	390 	401 	394 	372 	334 	320 	334 	400 	427 	423 	395 	373 	377 	391 	398 	393 	375 	371 	364 	400 	406 	407 	397 	389 	394 	399 	401 	396 	392 	384 	370 	380 	377 	378 	376 	373 	374 	379 	376 	371 	375 	360 	338 	352 	344 	330 	334 	333 	343 	350 	341 	320 	302 	287 	304 	370 	385 	365 	333 	313 	330 	367 	384 	385 	367 	347 	352 	390 	400 	392 	382 	383 	405 	428 	422 	411 	400 	386 	388 	427 	428 	416 	402 	386 	375 	359 	341 	329 	321 	317 	323 	373 	386 	373 	354 	342 	340 	352 	350 	344 	342 	338 	338 	367 	383 	388 	402 	409 	415 	421 	415 	409 	406 	397 	395 	432 	436 	430 	422 	418 	423 	436 	431 	423 	415 	402 	398 	431 	434 	430 	428 	425 	427 	437 	437 	435 	426 	409 	398 	405 	405 	410 	430 	436 	437 	423 	409 	402 	401 	389 	384 	400 	397 	379 	365 	360 	366 	385 b	387 	376 	360 	345 	340 	369 	369 	351 	335 	317 	311 	310 	307 	307 	314 	304 	295 	310 	301 	290 	292 	289 	290 	290 	283 	280 	279 	271 	265 	278 	275 	269 	267 	262 	265 	265 	258 	254 	255 	243 	238 	256 	267 	: 
M,NSA,TOTAL,THS_PER,T,BG	: 	: 	: 	: 	: 	: 	: 	: 	: 	: 	: 	: 	: 	: 	: 	: 	: 	: 	: 	: 	: 	: 	: 	: 	: 	: 	: 	: 	: 	: 	: 	: 	: 	: 	: 	: 	: 	: 	: 	: 	: 	: 	: 	: 	: 	: 	: 	: 	: 	: 	: 	: 	: 	: 	: 	: 	: 	: 	: 	: 	: 	: 	: 	: 	: 	: 	: 	: 	: 	: 	: 	: 	: 	: 	: 	: 	: 	: 	: 	: 	: 	: 	: 	: 	: 	: 	: 	: 	: 	: 	: 	: 	: 	: 	: 	: 	: 	: 	: 	: 	: 	: 	: 	: 	: 	: 	: 	: 	: 	: 	: 	: 	: 	: 	: 	: 	: 	: 	: 	: 	: 	: 	: 	: 	: 	: 	: 	: 	: 	: 	: 	: 	: 	: 	: 	: 	: 	: 	: 	: 	: 	: 	: 	: 	391 	387 	378 	365 	346 	326 	322 	323 	317 	313 	318 	327 	338 	343 	339 	335 	320 	303 	304 	311 	313 	325 	348 	368 	388 	405 	421 	445 	450 	432 	423 	421 	411 	402 	400 	404 	415 	425 	417 	396 	372 	347 	330 	322 	317 	320 	336 	352 	369 	385 	389 	390 	388 	380 	379 	393 	410 	426 	448 	466 	490 	523 	547 	560 	561 	554 	558 	569 	574 	583 	597 	613 	643 	674 	686 	703 	693 	673 	668 	663 	651 	653 	667 	665 	686 	672 	645 	640 	626 	609 	608 	606 	599 	594 	564 	525 	539 	498 	478 	471 	464 	452 	441 	432 	419 	414 	417 	418 	441 	433 	425 	424 	411 	396 	380 	374 	376 	396 	399 	391 	385 	364 	351 	347 	336 	325 	316 	315 	317 	332 	332 	332 	332 	317 	306 	312 	310 	313 	319 	317 	303 	292 	291 	291 	291 	277 	258 	247 	238 	236 	242 	239 	229 	220 	212 	219 	235 	234 	223 	219 	209 	199 	195 	187 	178 	174 	173 	191 	213 	227 	233 	229 	222 	223 	230 	237 	243 	255 	275 	297 	331 	349 	354 	358 	345 	332 	324 	326 	342 	371 	395 	403 d	411 	403 	392 	388 	371 	357 	347 	345 	347 	364 	386 	402 	419 	424 	422 	421 	407 	400 	400 	391 	389 	405 	420 	427 	451 	458 	460 	458 	434 	419 	416 	407 	412 	432 	442 	445 	446 	432 	421 	400 	379 	366 	371 	368 	368 	363 	356 	345 	350 	346 	352 	349 	332 	311 	295 	280 	264 	259 	261 	263 	275 	280 	283 	278 	266 	253 	239 	228 	219 	217 	213 	215 	223 	226 	225 	222 	213 	207 	206 	202 	192 	190 	189 	189 	191 	188 	187 	187 	183 	176 	175 	169 	161 	156 	152 	155 	167 	168 	161 	152 	142 	133 	128 	124 	124 	133 	139 	143 	150 	145 	152 	194 	195 	187 	189 	187 	: 
M,NSA,TOTAL,THS_PER,T,CH	: 	: 	: 	: 	: 	: 	: 	: 	: 	: 	: 	: 	: 	: 	: 	: 	: 	: 	: 	: 	: 	: 	: 	: 	: 	: 	: 	: 	: 	: 	: 	: 	: 	: 	: 	: 	: 	: 	: 	: 	: 	: 	: 	: 	: 	: 	: 	: 	: 	: 	: 	: 	: 	: 	: 	: 	: 	: 	: 	: 	: 	: 	: 	: 	: 	: 	: 	: 	: 	: 	: 	: 	: 	: 	: 	: 	: 	: 	: 	: 	: 	: 	: 	: 	: 	: 	: 	: 	: 	: 	: 	: 	: 	: 	: 	: 	: 	: 	: 	: 	: 	: 	: 	: 	: 	: 	: 	: 	: 	: 	: 	: 	: 	: 	: 	: 	: 	: 	: 	: 	: 	: 	: 	: 	: 	: 	: 	: 	: 	: 	: 	: 	: 	: 	: 	: 	: 	: 	: 	: 	: 	: 	: 	: 	: 	: 	: 	: 	: 	: 	: 	: 	: 	: 	: 	: 	: 	: 	: 	: 	: 	: 	: 	: 	: 	: 	: 	: 	: 	: 	: 	: 	: 	: 	: 	: 	: 	: 	: 	: 	: 	: 	: 	: 	: 	: 	: 	: 	: 	: 	: 	: 	: 	: 	: 	: 	: 	: 	: 	: 	: 	: 	: 	: 	: 	: 	: 	: 	: 	: 	: 	: 	: 	: 	: 	: 	: 	: 	: 	: 	: 	: 	: 	: 	: 	: 	: 	: 	: 	: 	: 	: 	: 	: 	: 	: 	: 	: 	: 	: 	: 	: 	: 	: 	: 	: 	: 	: 	: 	: 	: 	: 	: 	: 	: 	: 	: 	: 	: 	: 	: 	: 	: 	: 	: 	: 	: 	: 	: 	: 	: 	: 	: 	: 	: 	: 	: 	: 	: 	: 	: 	: 	: 	: 	: 	: 	: 	: 	: 	: 	: 	: 	: 	: 	: 	: 	: 	: 	: 	: 	: 	: 	: 	: 	: 	: 	: 	: 	: 	: 	: 	: 	: 	: 	: 	: 	: 	: 	: 	: 	: 	: 	: 	: 	237 	241 	233 	213 	201 	200 	217 	223 	216 	191 	184 	193 	210 	212 	205 	185 	170 	173 	200 	213 	211 	197 	199 	206 	208 	207 	202 	188 	181 	183 	205 	218 	218 	208 	213 	224 	237 	240 	231 	214 	205 	204 	221 	231 	225 	203 	200 	216 	245 	252 	244 	226 	215 	213 	234 	243 	235 	206 	199 	208 	223 	226 	224 	214 	207 	211 	237 	251 	249 	231 	231 	243 	258 	262 	254 	230 	218 	220 	241 	253 	249 	223 	219 	231 	256 	261 	250 	221 	208 	211 	237 	249 	243 	219 	217 	230 	255 	260 	251 	236 	226 	217 	214 	218 	218 	220 	226 	235 	246 	247 	236 	214 	202 	201 	221 	231 	222 	193 	187 	198 	220 	222 	224 	222 	222 	224 	: 	: 	: 
M,NSA,TOTAL,THS_PER,T,CY	: 	: 	: 	: 	: 	: 	: 	: 	: 	: 	: 	: 	: 	: 	: 	: 	: 	: 	: 	: 	: 	: 	: 	: 	: 	: 	: 	: 	: 	: 	: 	: 	: 	: 	: 	: 	: 	: 	: 	: 	: 	: 	: 	: 	: 	: 	: 	: 	: 	: 	: 	: 	: 	: 	: 	: 	: 	: 	: 	: 	: 	: 	: 	: 	: 	: 	: 	: 	: 	: 	: 	: 	: 	: 	: 	: 	: 	: 	: 	: 	: 	: 	: 	: 	: 	: 	: 	: 	: 	: 	: 	: 	: 	: 	: 	: 	: 	: 	: 	: 	: 	: 	: 	: 	: 	: 	: 	: 	: 	: 	: 	: 	: 	: 	: 	: 	: 	: 	: 	: 	: 	: 	: 	: 	: 	: 	: 	: 	: 	: 	: 	: 	: 	: 	: 	: 	: 	: 	: 	: 	: 	: 	: 	: 	: 	: 	: 	: 	: 	: 	: 	: 	: 	: 	: 	: 	: 	: 	: 	: 	: 	: 	: 	: 	: 	: 	: 	: 	: 	: 	: 	: 	: 	: 	: 	: 	: 	: 	: 	: 	: 	: 	: 	: 	: 	: 	: 	: 	: 	: 	: 	: 	: 	: 	: 	: 	: 	: 	: 	: 	: 	: 	: 	: 	15 	16 	16 	16 	15 	15 	16 	15 	13 	12 	15 	15 	15 	13 	12 	12 	12 	14 	14 	12 	11 	11 	13 	12 	12 	11 	10 	10 	10 	12 	12 	12 	11 	11 	13 	13 	13 	13 	13 	14 	13 	15 	16 	14 	13 	13 	15 	16 	15 	15 	15 d	15 	14 	17 	17 	17 	16 	15 	19 	20 	20 	20 	20 	18 	19 	22 	20 	19 	17 	16 	21 	21 	24 	23 	20 	15 	15 	16 	16 	15 	14 	14 	17 	18 	20 	20 	16 	13 	13 	13 	16 	17 	14 	12 	14 	15 	19 	19 	17 	13 	11 	13 	15 	14 	13 	12 	13 	15 	17 	18 	20 	20 	21 	22 	23 	22 	22 	22 	26 	27 	30 	31 	31 	27 	26 	28 	27 	25 	22 	21 	24 	25 	31 	34 	33 	31 	31 	32 	33 	33 	34 	35 	41 	41 	47 	48 	49 	48 	50 	50 	56 	51 	51 	51 	57 	60 	70 	71 	67 	67 	65 	68 	71 	71 	69 	66 	72 	70 	71 	72 	75 	67 	64 	67 	72 	70 	66 	63 	73 	73 	77 	77 	73 	64 	59 	62 	66 	63 	56 	49 	55 	54 	57 	58 	56 	50 	48 	52 	56 	56 	52 	49 	57 	57 	58 	58 	55 	47 	44 	44 	45 	44 	39 	36 	46 	48 	50 	48 	42 	33 	30 	33 	37 	36 	32 	27 	36 	37 	40 	40 	38 	30 	27 	30 	33 	31 	26 	22 	32 	31 	34 	33 	32 	31 	30 	30 	32 	34 	: 
M,NSA,TOTAL,THS_PER,T,CZ	: 	: 	: 	: 	: 	: 	: 	: 	: 	: 	: 	: 	: 	: 	: 	: 	: 	: 	: 	: 	: 	: 	: 	: 	: 	: 	: 	: 	: 	: 	: 	: 	: 	: 	: 	: 	: 	: 	: 	: 	: 	: 	: 	: 	: 	: 	: 	: 	: 	: 	: 	: 	: 	: 	: 	: 	: 	: 	: 	: 	: 	: 	: 	: 	: 	: 	: 	: 	: 	: 	: 	: 	: 	: 	: 	: 	: 	: 	: 	: 	: 	: 	: 	: 	: 	: 	: 	: 	: 	: 	: 	: 	: 	: 	: 	: 	: 	: 	: 	: 	: 	: 	: 	: 	: 	: 	: 	: 	: 	: 	: 	: 	: 	: 	: 	: 	: 	: 	: 	: 	238 	230 	218 	219 	217 	211 	235 	224 	201 	222 	203 	218 	223 	220 	207 	222 	198 	223 	222 	233 	235 	225 	212 	229 	221 	219 	222 	205 	196 	220 	215 	214 	200 	202 	188 	188 	207 	184 	186 	200 	189 	194 	201 	215 	208 	200 	209 	222 	229 	220 	214 	228 	224 	241 	254 	260 	263 	264 	277 	298 	304 	302 	313 	299 	293 	322 	350 	346 	357 	387 	374 	376 	432 	438 	443 	445 	447 	424 	455 	478 	474 	472 	464 	475 	499 	499 	484 	467 	455 	428 	451 	451 	429 	432 	438 	421 	447 	445 	418 	418 	402 	403 	419 	433 	421 	388 	405 	417 	385 	401 	389 	346 	362 	365 	360 	384 	370 	358 	386 	380 	379 	391 	394 	379 	390 	384 	405 	407 	414 	408 	414 	422 	448 	466 	418 	426 	432 	399 	415 	433 	413 	442 	425 	393 	443 	441 	403 	412 	401 	393 	400 	408 	407 	406 	399 	409 	429 	394 	419 	369 	351 	381 	364 	356 	376 	339 	334 	345 	325 	311 	298 	285 	271 	268 	275 	260 	265 	263 	241 	254 	255 	249 	229 	224 	206 	230 	224 	218 	230 	214 	226 	252 	287 	312 	310 	328 	341 	332 	369 	407 	385 	376 	392 	387 	422 	442 	404 	380 	382 	362 	385 	382 	355 	369 	361 	359 	377 	388 	353 	361 	347 	347 	349 	336 	343 	338 	330 	338 	356 	387 	365 	358 	351 	343 	368 	387 	350 	374 	399 	365 	374 	418 	386 	363 	382 	339 	355 	388 	366 	337 	369 	360 	347 	363 	364 	322 	316 	317 	300 	338 	300 	286 	325 	305 	316 	327 	308 	275 	254 	256 	270 	255 	247 	241 	232 	237 	241 	235 	217 	211 	198 	220 	230 	198 	211 	200 	186 	191 	192 	187 	174 	178 	149 	149 	154 	150 	144 	139 	126 	122 	140 	137 	112 	120 	116 	118 	123 	136 	122 	108 	101 	123 	116 	99 	114 	108 	106 	93 	117 	113 	114 	115 	109 	103 	114 	103 	101 	113 	128 	138 	157 	152 	: 
M,NSA,TOTAL,THS_PER,T,DE	: 	: 	: 	: 	: 	: 	: 	: 	: 	: 	: 	: 	: 	: 	: 	: 	: 	: 	: 	: 	: 	: 	: 	: 	: 	: 	: 	: 	: 	: 	: 	: 	: 	: 	: 	: 	: 	: 	: 	: 	: 	: 	: 	: 	: 	: 	: 	: 	: 	: 	: 	: 	: 	: 	: 	: 	: 	: 	: 	: 	: 	: 	: 	: 	: 	: 	: 	: 	: 	: 	: 	: 	: 	: 	: 	: 	: 	: 	: 	: 	: 	: 	: 	: 	: 	: 	: 	: 	: 	: 	: 	: 	: 	: 	: 	: 	: 	: 	: 	: 	: 	: 	: 	: 	: 	: 	: 	: 	: 	: 	: 	: 	: 	: 	: 	: 	: 	: 	: 	: 	: 	: 	: 	: 	: 	: 	: 	: 	: 	: 	: 	: 	: 	: 	: 	: 	: 	: 	: 	: 	: 	: 	: 	: 	: 	: 	: 	: 	: 	: 	: 	: 	: 	: 	: 	: 	: 	: 	: 	: 	: 	: 	: 	: 	: 	: 	: 	: 	: 	: 	: 	: 	: 	: 	: 	: 	: 	: 	: 	: 	: 	: 	: 	: 	: 	: 	: 	: 	: 	: 	: 	: 	: 	: 	: 	: 	: 	: 	: 	: 	: 	: 	: 	: 	: 	: 	: 	: 	: 	: 	: 	: 	: 	: 	: 	: 	: 	: 	: 	: 	: 	: 	: 	: 	: 	: 	: 	: 	: 	: 	: 	: 	: 	: 	: 	: 	: 	: 	: 	: 	: 	: 	: 	: 	: 	: 	: 	: 	: 	: 	: 	: 	: 	: 	: 	: 	: 	: 	: 	: 	: 	: 	: 	: 	: 	: 	: 	: 	: 	: 	: 	: 	: 	: 	: 	: 	: 	: 	: 	: 	: 	: 	: 	: 	: 	: 	: 	: 	3756 	3867 	3686 	3490 	3446 	3357 	3421 	3447 	3321 	3198 	3331 	3360 	3312 	3270 	3251 	3213 	2937 	3152 	3022 	2931 	2697 	2626 	2775 	3030 	3067 	3349 	3225 	3175 	3061 	3089 	3166 	3193 	3035 	2901 	2932 	2981 	3242 	3268 	3084 	2902 	2790 	2695 	2756 	2649 	2627 	2643 	2554 	2638 	2783 	2660 	2618 	2383 	2319 	2415 	2434 	2427 	2164 	2114 	2246 	2224 	2552 	2390 	2213 	2130 	2274 	2140 	2317 	2191 	2086 	2112 	2134 	2153 	2401 	2450 	2273 	2154 	2140 	2201 	2156 	2078 	2110 	2101 	2075 	2043 	2305 	2266 	2227 	2134 	2002 	2008 	1945 	2110 	2045 	2017 	2106 	1913 	2068 	2209 	2025 	2033 	1892 	1934 	1914 	1818 	1808 	1852 	1939 	1903 	1871 	2007 	1943 	1793 	1787 	1800 	1809 	1767 	1621 	1696 	1677 	1517 	1734 	1861 	1689 	1762 	1554 	1550 	1571 	1636 	1551 	1591 	1457 	1500 	1545 	1637 	1510 	1513 	1466 	1484 	1439 	1473 	1426 	1398 	1399 	1325 	1478 	1372 	1510 	1375 	1303 	1317 	1341 	1397 	1330 	1323 	1351 	1390 	1477 e	1501 e	1669 e	1889 e	1930 e	1970 e	1983 e	2019 e	: 
M,NSA,TOTAL,THS_PER,T,DK	229 	243 	242 	235 	223 	208 	201 	203 	209 	214 	219 	223 	238 	251 	248 	235 	216 	200 	192 	193 	197 	197 	197 	199 	214 	229 	225 	212 	193 	173 	162 	160 	159 	155 	152 	151 	159 	166 	163 	153 	137 	126 	121 	123 	125 	126 	130 	135 	149 	161 	161 	154 	141 	129 	123 	124 	128 	132 	135 	139 	153 	166 	169 	166 	156 	147 	144 	149 	156 	163 	171 	180 	197 	209 	211 	205 	193 	183 	176 	181 	187 	190 	193 	195 	211 	220 	220 	213 	200 	191 	189 	197 	200 	203 	205 	208 	225 	232 	235 	231 	219 	212 	209 	220 	223 	227 	230 	233 	254 	257 	257 	250 	238 	228 	226 	240 	243 	247 	253 	262 	293 	297 	297 	294 	277 	270 	262 	266 	258 	251 	245 	241 	256 	248 	240 	226 	208 	198 	201 	206 	198 	194 	191 	192 	213 	207 	203 	194 	179 	175 	182 	191 	179 	177 	176 	179 	206 	203 	203 	194 	175 	168 	181 	183 	161 	157 	152 	151 	179 	168 	161 	151 	140 	134 	146 	152 	135 	135 	133 	137 	169 	152 	147 	142 	131 	123 	137 	144 	126 	125 	123 	131 	165 	155 	150 	147 	135 	131 	141 	158 	147 	147 	145 	147 	160 	137 	128 	121 	118 	116 	115 	121 	116 	111 	111 	113 	134 	132 	128 	120 	115 	119 	126 	141 	138 	137 	134 	131 	142 	130 	125 	123 	121 	123 	131 	145 	140 	134 	129 	128 	151 	151 	153 	152 	154 	157 	155 	164 	159 	154 	152 	156 	184 	176 	168 	155 	145 	152 	163 	173 	166 	150 	142 	143 	171 	165 	161 	146 	134 	134 	139 	142 	133 	121 	115 	115 	132 	131 	128 	121 	113 	109 	107 	111 	106 	100 	101 	108 d	123 	127 	114 	108 	105 	109 	121 	116 	111 	95 	95 	91 	100 	107 	108 	99 	99 	109 	114 	110 	103 	103 	114 	134 	149 	166 	171 	178 	187 	186 	191 	195 	202 	208 	197 	203 	215 	238 	238 	230 	220 	224 	226 	220 	217 	216 	216 	227 	234 	244 	230 	221 	211 	218 	225 	222 	221 	218 	220 	224 	229 	236 	235 	233 	231 	227 	226 	225 	220 	210 	202 	214 	224 	228 	225 	211 	207 	202 	213 	214 	201 	198 	191 	209 	209 	212 	197 	189 	188 	192 	201 	204 	199 	192 	190 	188 	192 	194 	196 	187 	177 	178 	183 	185 	175 	171 	170 	178 	181 	185 	181 	176 	171 	172 	178 	181 	181 	175 	166 	173 	182 	192 	180 	170 	167 	171 	178 	180 	170 	162 	153 	161 	156 	164 	156 	155 	148 	148 	154 	150 	149 	143 	152 	153 	161 	164 	164 	157 	142 	135 	144 	152 	161 	156 	151 	149 	151 	157 	146 	144 	155 	176 	194 	191 	: 
M,NSA,TOTAL,THS_PER,T,EA	: 	: 	: 	: 	: 	: 	: 	: 	: 	: 	: 	: 	: 	: 	: 	: 	: 	: 	: 	: 	: 	: 	: 	: 	: 	: 	: 	: 	: 	: 	: 	: 	: 	: 	: 	: 	: 	: 	: 	: 	: 	: 	: 	: 	: 	: 	: 	: 	: 	: 	: 	: 	: 	: 	: 	: 	: 	: 	: 	: 	: 	: 	: 	: 	: 	: 	: 	: 	: 	: 	: 	: 	: 	: 	: 	: 	: 	: 	: 	: 	: 	: 	: 	: 	: 	: 	: 	: 	: 	: 	: 	: 	: 	: 	: 	: 	: 	: 	: 	: 	: 	: 	: 	: 	: 	: 	: 	: 	: 	: 	: 	: 	: 	: 	: 	: 	: 	: 	: 	: 	12218 	12486 	12791 	12861 	12841 	13064 	13187 	13076 	13055 	13627 	13770 	13910 	14076 	14404 	14512 	14319 	14040 	14006 	13950 	13666 	13514 	13912 	13938 	13919 	13989 	14266 	14222 	13876 	13592 	13721 	13869 	13684 	13569 	13960 	13967 	13921 	14087 	14450 	14532 	14280 	14021 	14129 	14129 	13905 	13755 	14113 	14120 	14076 	14252 	14658 	14723 	14453 	14095 	14140 	14052 	13785 	13605 	13952 	13907 	13843 	13856 	14143 	14171 	13859 	13507 	13520 	13443 	13175 	12919 	13237 	13150 	13059 	13027 	13249 	13189 	12831 	12463 	12417 	12380 	12094 	11782 	12005 	11898 	11832 	11933 	12179 	12051 	11604 	11191 	11165 	11188 	10958 	10687 	10899 	10747 	10636 	11162 	11458 	11369 	11019 	10783 	10774 	10865 	10789 	10640 	11008 	11107 	11173 	11436 	11881 	11875 	11632 	11441 	11495 	11686 	11629 	11493 	11837 	11989 	12188 	12758 	13116 	13111 	12712 	12325 	12288 	12302 	12248 	12151 	12633 	12759 	12825 	13411 	13359 	13450 	12983 	12780 	12612 	12471 	12718 	13041 	13268 	13544 	13420 	13799 	14055 	13992 	13190 	13141 	12786 	12263 	12629 	12985 	13287 	13114 	12988 	13481 	13463 	13181 	12572 	12145 	11898 	11551 	11747 	11879 	12116 	12264 	11854 	12109 	12188 	11702 	11210 	11125 	10706 	10798 	10827 	10904 	11001 	11206 	11219 	11583 	11537 	11332 	11359 	11041 	11220 	10947 	11082 	11257 	11703 	12226 	12672 	14001 	14710 	14882 	14826 	14435 	14333 	14385 	14462 	14923 	15261 	15454 	15437 	16268 	16503 	16111 	15919 	15554 	14996 	14900 	14773 	15210 	15685 	15617 	15544 	16143 	16163 	16063 	15373 	15285 	15018 	15088 	15272 	15643 	16177 	16784 	16789 	17599 	17879 	17944 	17630 	17614 	17290 	17357 	17317 	17817 	18511 	18858 	18595 	19846 	19981 	19587 	19231 	18939 	18415 	18233 	18173 	18652 	18949 	19151 	18578 	19696 	19735 	19339 	18697 	18388 	17586 	17576 	17533 	18063 	18513 	18886 	17970 	18658 	18807 	18567 	17949 	17543 	17219 	16578 	16296 	16742 	17170 	17231 	16936 	17269 	17433 	17111 	16601 	16279 	15921 	15535 	15482 	15683 	15924 	16170 	15600 	16113 	16036 	15667 	15110 	14666 	14122 	14165 	14208 	14206 	14370 	14294 	14025 	14645 	14564 	14243 	13851 	13264 	12954 	12688 	12607 	12778 	13174 	13064 	12650 	13421 	13307 	12975 	12613 	12175 	11818 	11995 	11926 	12109 	12226 	12258 	12160 	12728 	12414 	11701 	11796 	11918 	12317 	12917 	13089 	: 
M,NSA,TOTAL,THS_PER,T,EA18	: 	: 	: 	: 	: 	: 	: 	: 	: 	: 	: 	: 	: 	: 	: 	: 	: 	: 	: 	: 	: 	: 	: 	: 	: 	: 	: 	: 	: 	: 	: 	: 	: 	: 	: 	: 	: 	: 	: 	: 	: 	: 	: 	: 	: 	: 	: 	: 	: 	: 	: 	: 	: 	: 	: 	: 	: 	: 	: 	: 	: 	: 	: 	: 	: 	: 	: 	: 	: 	: 	: 	: 	: 	: 	: 	: 	: 	: 	: 	: 	: 	: 	: 	: 	: 	: 	: 	: 	: 	: 	: 	: 	: 	: 	: 	: 	: 	: 	: 	: 	: 	: 	: 	: 	: 	: 	: 	: 	: 	: 	: 	: 	: 	: 	: 	: 	: 	: 	: 	: 	: 	: 	: 	: 	: 	: 	: 	: 	: 	: 	: 	: 	: 	: 	: 	: 	: 	: 	: 	: 	: 	: 	: 	: 	: 	: 	: 	: 	: 	: 	: 	: 	: 	: 	: 	: 	: 	: 	: 	: 	: 	: 	: 	: 	: 	: 	: 	: 	: 	: 	: 	: 	: 	: 	: 	: 	: 	: 	: 	: 	: 	: 	: 	14985 	14620 	14618 	14555 	14304 	14024 	14323 	14303 	14230 	14272 	14541 	14461 	14098 	13724 	13674 	13649 	13391 	13056 	13291 	13267 	13215 	13313 	13620 	13450 	12958 	12532 	12491 	12523 	12283 	11980 	12157 	12079 	11981 	12037 	12318 	12218 	11849 	11593 	11585 	11687 	11601 	11444 	11810 	11922 	11991 	12262 	12696 	12677 	12421 	12224 	12271 	12447 	12375 	12236 	12597 	12761 	12979 	13543 	13888 	13872 	13450 	13059 	13021 	13046 	12987 	12871 	13345 	13477 	13594 	14217 	14171 	14253 	13768 	13547 	13360 	13216 	13461 	13790 	14011 	14282 	14176 	14558 	14805 	14723 	13888 	13821 	13456 	12922 	13279 	13654 	13944 	13765 	13644 	14142 	14102 	13796 	13153 	12707 	12447 	12092 	12273 	12403 	12630 	12772 	12364 	12568 	12639 	12141 	11632 	11543 	11124 	11222 	11245 	11318 	11392 	11590 	11612 	11965 	11921 	11714 	11734 	11411 	11585 	11309 	11444 	11633 	12084 	12624 	13104 	14217 	14949 	15142 	15100 	14717 	14621 	14683 	14766 	15225 	15573 	15775 	15776 	16617 	16860 	16473 	16275 	15894 	15319 	15207 	15075 	15507 	15973 	15896 	15825 	16321 	16342 	16243 	15558 	15464 	15187 	15246 	15427 	15796 	16331 	16938 	16946 	17759 	18045 	18115 	17806 	17784 	17449 	17503 	17458 	17957 	18657 	19004 	18737 	19980 	20113 	19714 	19351 	19052 	18526 	18352 	18296 	18773 	19063 	19264 	18694 	19696 	19735 	19339 	18697 	18388 	17586 	17576 	17533 	18063 	18513 	18886 	17970 	18508 	18660 	18426 	17809 	17407 	17080 	16452 	16174 	16623 	17047 	17104 	16797 	17142 	17312 	16992 	16484 	16159 	15800 	15420 	15372 	15575 	15820 	16061 	15476 	15995 	15917 	15552 	15004 	14568 	14020 	14069 	14113 	14109 	14281 	14201 	13916 	14543 	14461 	14137 	13762 	13182 	12867 	12605 	12525 	12694 	13094 	12980 	12553 	13326 	13213 	12879 	12525 	12087 	11724 	11908 	11836 	12019 	12140 	12165 	12059 	12627 	12309 	11587 	11676 	11792 	12185 	12782 	12948 	: 
M,NSA,TOTAL,THS_PER,T,EA19	: 	: 	: 	: 	: 	: 	: 	: 	: 	: 	: 	: 	: 	: 	: 	: 	: 	: 	: 	: 	: 	: 	: 	: 	: 	: 	: 	: 	: 	: 	: 	: 	: 	: 	: 	: 	: 	: 	: 	: 	: 	: 	: 	: 	: 	: 	: 	: 	: 	: 	: 	: 	: 	: 	: 	: 	: 	: 	: 	: 	: 	: 	: 	: 	: 	: 	: 	: 	: 	: 	: 	: 	: 	: 	: 	: 	: 	: 	: 	: 	: 	: 	: 	: 	: 	: 	: 	: 	: 	: 	: 	: 	: 	: 	: 	: 	: 	: 	: 	: 	: 	: 	: 	: 	: 	: 	: 	: 	: 	: 	: 	: 	: 	: 	: 	: 	: 	: 	: 	: 	: 	: 	: 	: 	: 	: 	: 	: 	: 	: 	: 	: 	: 	: 	: 	: 	: 	: 	: 	: 	: 	: 	: 	: 	: 	: 	: 	: 	: 	: 	: 	: 	: 	: 	: 	: 	: 	: 	: 	: 	: 	: 	: 	: 	: 	: 	: 	: 	: 	: 	: 	: 	: 	: 	: 	: 	: 	: 	: 	: 	: 	: 	: 	15238 	14853 	14829 	14747 	14490 	14214 	14530 	14525 	14463 	14519 	14792 	14711 	14332 	13949 	13898 	13887 	13641 	13314 	13557 	13539 	13486 	13582 	13887 	13715 	13224 	12799 	12761 	12804 	12565 	12259 	12433 	12357 	12266 	12333 	12616 	12516 	12136 	11869 	11855 	11956 	11870 	11719 	12093 	12213 	12287 	12556 	12978 	12941 	12654 	12434 	12468 	12641 	12569 	12432 	12800 	12972 	13194 	13759 	14106 	14095 	13675 	13280 	13231 	13244 	13180 	13053 	13525 	13665 	13788 	14415 	14368 	14446 	13948 	13716 	13522 	13379 	13622 	13949 	14176 	14448 	14342 	14717 	14959 	14875 	14037 	13961 	13586 	13043 	13393 	13763 	14054 	13876 	13757 	14250 	14204 	13893 	13242 	12790 	12529 	12179 	12362 	12489 	12708 	12846 	12441 	12648 	12717 	12216 	11701 	11604 	11182 	11281 	11304 	11375 	11447 	11648 	11677 	12039 	11996 	11787 	11802 	11478 	11656 	11392 	11537 	11728 	12189 	12743 	13240 	14379 	15134 	15345 	15311 	14929 	14831 	14894 	14978 	15438 	15796 	16011 	16027 	16889 	17134 	16744 	16553 	16167 	15590 	15483 	15345 	15771 	16240 	16158 	16092 	16581 	16597 	16493 	15801 	15695 	15411 	15475 	15649 	16008 	16535 	17137 	17151 	17970 	18258 	18330 	18012 	17978 	17639 	17689 	17642 	18142 	18845 	19199 	18931 	20174 	20303 	19904 	19531 	19220 	18694 	18511 	18457 	18931 	19219 	19431 	18873 	19880 	19920 	19520 	18868 	18554 	17746 	17717 	17669 	18191 	18648 	19034 	18130 	18658 	18807 	18567 	17949 	17543 	17219 	16578 	16296 	16742 	17170 	17231 	16936 	17269 	17433 	17111 	16601 	16279 	15921 	15535 	15482 	15683 	15924 	16170 	15600 	16113 	16036 	15667 	15110 	14666 	14122 	14165 	14208 	14206 	14370 	14294 	14025 	14645 	14564 	14243 	13851 	13264 	12954 	12688 	12607 	12778 	13174 	13064 	12650 	13421 	13307 	12975 	12613 	12175 	11818 	11995 	11926 	12109 	12226 	12258 	12160 	12728 	12414 	11701 	11796 	11918 	12317 	12917 	13089 	: 
M,NSA,TOTAL,THS_PER,T,EE	: 	: 	: 	: 	: 	: 	: 	: 	: 	: 	: 	: 	: 	: 	: 	: 	: 	: 	: 	: 	: 	: 	: 	: 	: 	: 	: 	: 	: 	: 	: 	: 	: 	: 	: 	: 	: 	: 	: 	: 	: 	: 	: 	: 	: 	: 	: 	: 	: 	: 	: 	: 	: 	: 	: 	: 	: 	: 	: 	: 	: 	: 	: 	: 	: 	: 	: 	: 	: 	: 	: 	: 	: 	: 	: 	: 	: 	: 	: 	: 	: 	: 	: 	: 	: 	: 	: 	: 	: 	: 	: 	: 	: 	: 	: 	: 	: 	: 	: 	: 	: 	: 	: 	: 	: 	: 	: 	: 	: 	: 	: 	: 	: 	: 	: 	: 	: 	: 	: 	: 	: 	: 	: 	: 	: 	: 	: 	: 	: 	: 	: 	: 	: 	: 	: 	: 	: 	: 	: 	: 	: 	: 	: 	: 	: 	: 	: 	: 	: 	: 	: 	: 	: 	: 	: 	: 	: 	: 	: 	: 	: 	: 	: 	: 	: 	: 	: 	: 	: 	: 	: 	: 	: 	: 	: 	: 	: 	: 	: 	: 	: 	: 	: 	: 	: 	: 	: 	: 	: 	: 	: 	: 	: 	: 	: 	: 	: 	: 	: 	: 	: 	: 	: 	: 	: 	109 	103 	101 	90 	87 	90 	99 	100 	101 	103 	102 	101 	95 	95 	91 	88 	81 	88 	86 	90 	81 	84 	80 	79 	79 	74 	66 	66 	68 	70 	70 	77 	88 	84 	87 	77 	74 	73 	69 	76 	69 	69 	67 	61 	65 	62 	73 	73 	69 	66 	63 	69 	61 	65 	70 	70 	71 	64 	66 	64 	64 	57 	55 	57 	53 	49 	47 	50 	50 	48 	50 	51 	45 	44 	37 	43 	42 	40 	37 	38 	41 	38 	37 	38 	36 	36 	33 	34 	32 	29 	28 	27 	28 	28 	30 	29 	28 	28 	28 d	27 	30 	36 	44 	47 	47 	52 	65 	72 	77 	83 	86 	90 	91 	97 	100 	97 	103 	106 	118 	128 	134 	136 	132 	125 	117 	107 	104 	102 	99 	92 	98 	101 	98 	97 	90 	90 	89 	81 	75 	74 	78 	78 	75 	76 	77 	78 	69 	69 	69 	68 	66 	61 	61 	62 	66 	69 	68 	63 	56 	55 	54 	52 	53 	55 	57 	59 	58 	60 	57 	54 	52 	48 	47 	48 	51 	49 	45 	43 	44 	45 	44 	46 	48 	44 	41 	36 	37 	38 	41 	44 	44 	45 	44 	47 	45 	45 	48 	48 	53 	48 	49 	45 	43 	41 	38 	39 	44 	49 	46 	41 	37 	39 	36 	37 	40 	47 	47 	42 	36 	36 	35 	36 	37 	40 	36 	31 	29 	30 	32 	29 	35 	36 	33 	30 	28 	30 	28 	29 	31 	35 	35 	35 	43 	49 	56 	54 	: 	: 
M,NSA,TOTAL,THS_PER,T,EL	: 	: 	: 	: 	: 	: 	: 	: 	: 	: 	: 	: 	: 	: 	: 	: 	: 	: 	: 	: 	: 	: 	: 	: 	: 	: 	: 	: 	: 	: 	: 	: 	: 	: 	: 	: 	: 	: 	: 	: 	: 	: 	: 	: 	: 	: 	: 	: 	: 	: 	: 	: 	: 	: 	: 	: 	: 	: 	: 	: 	: 	: 	: 	: 	: 	: 	: 	: 	: 	: 	: 	: 	: 	: 	: 	: 	: 	: 	: 	: 	: 	: 	: 	: 	: 	: 	: 	: 	: 	: 	: 	: 	: 	: 	: 	: 	: 	: 	: 	: 	: 	: 	: 	: 	: 	: 	: 	: 	: 	: 	: 	: 	: 	: 	: 	: 	: 	: 	: 	: 	: 	: 	: 	: 	: 	: 	: 	: 	: 	: 	: 	: 	: 	: 	: 	: 	: 	: 	: 	: 	: 	: 	: 	: 	: 	: 	: 	: 	: 	: 	: 	: 	: 	: 	: 	: 	: 	: 	: 	: 	: 	: 	: 	: 	: 	: 	: 	: 	: 	: 	: 	: 	: 	: 	: 	: 	: 	: 	: 	: 	: 	: 	: 	490 	491 	469 	473 	498 	485 	480 	534 	523 	545 	570 	539 	544 	545 	520 	516 	544 	529 	536 	597 	585 	551 	577 	545 	520 	522 	496 	485 	512 	497 	467 	519 	510 	502 	527 	497 	479 	481 	456 	450 	476 	462 	473 	527 	520 	516 	543 	512 	469 	472 	445 	447 	473 	456 	445 	494 	488 	480 	506 	477 	449 	451 	425 	428 	453 	436 	441 	489 	482 d	580 	543 	552 	526 	507 	488 	500 	507 	493 	489 	525 	529 	512 	516 	523 	491 	482 	472 	479 	496 	485 	479 	501 	485 	473 	527 	465 	444 	462 	415 	404 	440 	419 	389 	463 	477 	439 	456 	482 	424 	389 	413 	393 	381 	421 	396 	379 	447 	396 	404 	455 	392 	339 	370 	356 	362 	374 	372 	392 	442 	486 	471 	473 	488 	435 	444 	494 	468 	472 	509 	552 	524 	589 	620 	591 	612 	610 	592 	631 	624 	640 	695 	713 	754 	763 	802 	834 	787 	859 	801 	828 	953 	869 	974 	1048 	1064 	1060 	1132 	1165 	1132 	1151 	1206 	1174 	1236 	1245 	1220 	1325 	1294 	1336 	1338 	1334 	1363 	1331 	1289 	1320 	1326 	1315 	1294 	1378 	1339 	1311 	1393 	1322 	1281 	1315 	1245 	1220 	1233 	1235 	1224 	1221 	1292 	1263 	1239 	1315 	1215 	1132 	1194 	1185 	1115 	1182 	1181 	1161 	1182 	1221 	1177 	1187 	1128 	1119 	1089 	1088 	1125 	1064 	1084 	1148 	1140 	1132 	1137 	1076 	1036 	1045 	969 	972 	984 	954 	981 	1032 	1008 	993 	1037 	973 	942 	913 	863 	879 	898 	839 	867 	919 	858 	933 	936 	852 	860 	804 	751 	789 	785 	757 	770 	808 	781 	800 	770 	664 	730 	761 	805 	: 	: 	: 
M,NSA,TOTAL,THS_PER,T,ES	: 	: 	: 	: 	: 	: 	: 	: 	: 	: 	: 	: 	: 	: 	: 	: 	: 	: 	: 	: 	: 	: 	: 	: 	: 	: 	: 	: 	: 	: 	: 	: 	: 	: 	: 	: 	: 	: 	: 	2860 	2796 	2756 	2759 	2749 	2770 	2768 	2790 	2792 	2851 	2853 	2836 	2811 	2772 	2760 	2778 	2769 	2790 	2773 	2757 	2758 	2809 	2804 	2787 	2773 	2750 	2736 	2722 	2694 	2657 	2599 	2563 	2561 	2590 	2571 	2531 	2478 	2410 	2376 	2340 	2345 	2334 	2379 	2387 	2396 	2388 	2377 	2344 	2326 	2286 	2262 	2231 	2243 	2257 	2289 	2279 	2280 	2281 	2286 	2271 	2251 	2227 	2253 	2287 	2319 	2373 	2412 	2397 	2400 	2430 	2459 	2492 	2508 	2491 	2521 	2538 	2573 	2674 	2779 	2850 	2910 	2999 	3066 	3144 	3127 	3120 	3214 	3253 	3255 	3332 	3396 	3422 	3435 	3509 	3519 	3511 	3496 	3458 	3460 	3405 	3396 	3436 	3440 	3441 	3388 	3381 	3369 	3325 	3253 	3224 	3237 	3222 	3236 	3298 	3287 	3293 	3218 d	3272 	3288 	3279 	3215 	3170 	3180 	3150 	3133 	3193 	3184 	3163 	3073 	3104 	3110 	3073 	3036 	3000 	3013 	2959 	2949 	3007 	2989 	2961 	2880 	2861 	2829 	2799 	2748 	2714 	2725 	2684 	2703 	2720 	2706 	2663 	2571 	2531 	2456 	2386 	2300 	2239 	2241 	2223 	2260 	2286 	2283 	2291 	2226 	2258 	2214 	2160 	2098 	2052 	2042 	2045 	2060 	2074 	2087 	2069 	1983 	1960 	1961 	1924 	1862 	1870 	1836 	1836 	1885 	1889 	1915 	1952 	1964 	2099 	2208 	2151 	2124 	2087 	2099 	2158 	2207 	2223 	2224 	2239 	2233 	2325 	2336 	2324 	2252 	2187 	2209 	2220 	2254 	2268 	2274 	2277 	2279 	2328 	2315 	2286 	2293 	2232 	2218 	2178 	2213 	2208 	2196 	2200 	2134 	2150 	2118 	2096 	2067 	1961 	1880 	1799 	1779 	1772 	1828 	1874 	1879 	1940 	1946 	1943 	1893 	1830 	1780 	1755 	1776 	1770 	1804 	1833 	1821 	1875 	1867 	1848 	1809 	1755 	1756 	1757 	1823 	1839 	1884 	1949 	1993 	2130 	2207 	2234 	2330 	2385 	2442 	2475 	2595 	2732 	2974 	3210 	3437 	3788 	4049 	4217 	4214 	4148 	4057 	4031 	4119 	4214 	4293 	4334 	4378 	4517 	4631 	4705 	4720 	4664 	4582 	4514 	4590 	4653 	4705 	4715 	4686 	4843 	4937 	4983 	4896 	4829 	4807 	4868 	4986 	5140 	5258 	5306 	5298 	5535 	5703 	5767 	5760 	5755 	5678 	5733 	5816 	5923 	6012 	6062 	5990 	6213 	6321 	6300 	6183 	6048 	5911 	5912 	5937 	5981 	6029 	5979 	5800 	5942 	5938 	5920 	5775 	5632 	5461 	5424 	5416 	5443 	5516 	5478 	5379 	5464 	5459 	5412 	5293 	5152 	5002 	4870 	4845 	4838 	4861 	4780 	4697 	4778 	4817 	4779 	4710 	4583 	4431 	4329 	4319 	4314 	4285 	4272 	4157 	4258 	4277 	4231 	4065 	3914 	3764 	3706 	3729 	3760 	3796 	3786 	3718 	3812 	3820 	3756 	3620 	3493 	3358 	3307 	3331 	3340 	3354 	3315 	3244 	3337 	3367 	3359 	3292 	3227 	3173 	3186 	3235 	3222 	3232 	3195 	3149 	3280 	3239 	3420 	3458 	3337 	3309 	3303 	3430 	: 
M,NSA,TOTAL,THS_PER,T,EU25	: 	: 	: 	: 	: 	: 	: 	: 	: 	: 	: 	: 	: 	: 	: 	: 	: 	: 	: 	: 	: 	: 	: 	: 	: 	: 	: 	: 	: 	: 	: 	: 	: 	: 	: 	: 	: 	: 	: 	: 	: 	: 	: 	: 	: 	: 	: 	: 	: 	: 	: 	: 	: 	: 	: 	: 	: 	: 	: 	: 	: 	: 	: 	: 	: 	: 	: 	: 	: 	: 	: 	: 	: 	: 	: 	: 	: 	: 	: 	: 	: 	: 	: 	: 	: 	: 	: 	: 	: 	: 	: 	: 	: 	: 	: 	: 	: 	: 	: 	: 	: 	: 	: 	: 	: 	: 	: 	: 	: 	: 	: 	: 	: 	: 	: 	: 	: 	: 	: 	: 	: 	: 	: 	: 	: 	: 	: 	: 	: 	: 	: 	: 	: 	: 	: 	: 	: 	: 	: 	: 	: 	: 	: 	: 	: 	: 	: 	: 	: 	: 	: 	: 	: 	: 	: 	: 	: 	: 	: 	: 	: 	: 	: 	: 	: 	: 	: 	: 	: 	: 	: 	: 	: 	: 	: 	: 	: 	: 	: 	: 	20024 	20422 	20360 	19874 	19409 	19419 	19475 	19176 	18786 	19089 	19061 	19114 	19486 	19955 	19925 	19475 	18998 	18987 	19097 	18936 	18539 	18775 	18743 	18827 	19157 	19627 	19440 	18805 	18229 	18129 	18174 	17912 	17511 	17623 	17562 	17534 	17958 	18328 	18215 	17738 	17451 	17569 	17671 	17588 	17363 	17682 	17838 	18021 	18475 	19002 	18986 	18595 	18244 	18429 	18652 	18628 	18416 	18647 	18787 	19008 	19756 	20149 	20085 	19475 	18994 	19114 	19168 	19129 	18896 	19266 	19404 	19610 	20505 	20533 	20483 	19758 	19435 	19289 	19097 	19340 	19615 	19775 	20012 	19952 	20503 	20823 	20635 	19713 	19568 	19288 	18714 	19066 	19439 	19684 	19386 	19252 	19829 	19644 	19289 	18436 	17837 	17669 	17257 	17416 	17473 	17506 	17540 	17099 	17361 	17337 	16685 	15930 	15703 	15365 	15453 	15453 	15476 	15420 	15480 	15521 	15975 	15886 	15607 	15465 	15141 	15535 	15282 	15436 	15671 	16101 	16740 	17410 	18953 	20020 	20302 	20261 	19973 	20011 	20125 	20280 	20746 	20999 	21186 	21320 	22704 	23103 	22596 	22192 	21701 	21170 	21049 	20856 	21307 	21711 	21541 	21562 	22255 	22314 	22094 	21321 	21209 	21053 	21134 	21349 	21747 	22247 	22771 	22836 	23883 	24230 	24186 	23693 	23644 	23395 	23410 	23396 	23852 	24493 	24844 	24600 	26148 	26340 	25822 	25285 	24920 	24399 	24185 	24131 	24470 	24519 	24734 	24189 	25323 	25355 	24782 	23862 	23400 	22603 	22405 	22370 	22785 	23110 	23427 	22502 	23256 	23423 	23020 	22254 	21760 	21457 	20743 	20422 	20810 	21081 	21044 	20769 	21251 	21405 	20953 	20268 	19924 	19613 	19220 	19106 	19261 	19392 	19511 	18917 	19540 	19462 	18968 	18330 	17860 	17335 	17353 	17331 	17308 	17387 	17216 	16922 	17632 	17506 	17083 	16585 	15936 	15734 	15522 	15478 	15620 	15887 	15728 	15323 	16193 	16071 	15707 	15183 	14776 	14423 	14677 	14609 	14723 	14738 	14731 	14626 	15432 	: 	: 	: 	: 	: 	: 	: 	: 
M,NSA,TOTAL,THS_PER,T,EU27_2007	: 	: 	: 	: 	: 	: 	: 	: 	: 	: 	: 	: 	: 	: 	: 	: 	: 	: 	: 	: 	: 	: 	: 	: 	: 	: 	: 	: 	: 	: 	: 	: 	: 	: 	: 	: 	: 	: 	: 	: 	: 	: 	: 	: 	: 	: 	: 	: 	: 	: 	: 	: 	: 	: 	: 	: 	: 	: 	: 	: 	: 	: 	: 	: 	: 	: 	: 	: 	: 	: 	: 	: 	: 	: 	: 	: 	: 	: 	: 	: 	: 	: 	: 	: 	: 	: 	: 	: 	: 	: 	: 	: 	: 	: 	: 	: 	: 	: 	: 	: 	: 	: 	: 	: 	: 	: 	: 	: 	: 	: 	: 	: 	: 	: 	: 	: 	: 	: 	: 	: 	: 	: 	: 	: 	: 	: 	: 	: 	: 	: 	: 	: 	: 	: 	: 	: 	: 	: 	: 	: 	: 	: 	: 	: 	: 	: 	: 	: 	: 	: 	: 	: 	: 	: 	: 	: 	: 	: 	: 	: 	: 	: 	: 	: 	: 	: 	: 	: 	: 	: 	: 	: 	: 	: 	: 	: 	: 	: 	: 	: 	: 	: 	: 	: 	: 	: 	: 	: 	: 	: 	: 	: 	: 	: 	: 	: 	: 	: 	: 	: 	: 	: 	: 	: 	20544 	21050 	20865 	20227 	19641 	19548 	19595 	19348 	18950 	19098 	19046 	19023 	19512 	19894 	19765 	19262 	18939 	19027 	19119 	19042 	18806 	19157 	19344 	19559 	20120 	20638 	20595 	20150 	19752 	19913 	20126 	20092 	19827 	20040 	20103 	20276 	21082 	21456 	21372 	20718 	20221 	20290 	20335 	20305 	20043 	20451 	20602 	20822 	21865 	21751 	21719 	21002 	20570 	20455 	20236 	20513 	20738 	20965 	21191 	21149 	21711 	22040 	21824 	20784 	20609 	20318 	19646 	19986 	20326 	20687 	20364 	20234 	20900 	20741 	20343 	19461 	18834 	18657 	18319 	18451 	18504 	18495 	18515 	18105 	18339 	18349 	17636 	16855 	16574 	16245 	16309 	16289 	16293 	16225 	16265 	16326 	16800 	16720 	16418 	16223 	15894 	16283 	15998 	16141 	16352 	16834 	17427 	18170 	19772 	20893 	21150 	21072 	20777 	20817 	20975 	21149 	21631 	21910 	22118 	22284 	23737 	24160 	23672 	23186 	22667 	22131 	22004 	21829 	22259 	22716 	22588 	22591 	23352 	23379 	23142 	22371 	22213 	22040 	22125 	22349 	22748 	23266 	23838 	23934 	24978 	25299 	25273 	24746 	24675 	24402 	24433 	24390 	24864 	25497 	25862 	25658 	27240 	27450 	26955 	26437 	25996 	25518 	25217 	25180 	25515 	25599 	25814 	25293 	26425 	26436 	25868 	24901 	24379 	23603 	23383 	23367 	23763 	24086 	24420 	23451 	24261 	24432 	24018 	23252 	22703 	22384 	21635 	21329 	21690 	21937 	21906 	21640 	22126 	22262 	21813 	21090 	20723 	20381 	19978 	19844 	20011 	20083 	20209 	19627 	20231 	20171 	19683 	18993 	18537 	17990 	18001 	17977 	17937 	18004 	17831 	17533 	18242 	18104 	17682 	17163 	16497 	16281 	16056 	16012 	16126 	16410 	16254 	15841 	16737 	16604 	16218 	15693 	15260 	14890 	15157 	15069 	15210 	15211 	15225 	15138 	15925 	: 	: 	: 	: 	: 	: 	: 	: 
M,NSA,TOTAL,THS_PER,T,EU27_2020	: 	: 	: 	: 	: 	: 	: 	: 	: 	: 	: 	: 	: 	: 	: 	: 	: 	: 	: 	: 	: 	: 	: 	: 	: 	: 	: 	: 	: 	: 	: 	: 	: 	: 	: 	: 	: 	: 	: 	: 	: 	: 	: 	: 	: 	: 	: 	: 	: 	: 	: 	: 	: 	: 	: 	: 	: 	: 	: 	: 	: 	: 	: 	: 	: 	: 	: 	: 	: 	: 	: 	: 	: 	: 	: 	: 	: 	: 	: 	: 	: 	: 	: 	: 	: 	: 	: 	: 	: 	: 	: 	: 	: 	: 	: 	: 	: 	: 	: 	: 	: 	: 	: 	: 	: 	: 	: 	: 	: 	: 	: 	: 	: 	: 	: 	: 	: 	: 	: 	: 	: 	: 	: 	: 	: 	: 	: 	: 	: 	: 	: 	: 	: 	: 	: 	: 	: 	: 	: 	: 	: 	: 	: 	: 	: 	: 	: 	: 	: 	: 	: 	: 	: 	: 	: 	: 	: 	: 	: 	: 	: 	: 	: 	: 	: 	: 	: 	: 	: 	: 	: 	: 	: 	: 	: 	: 	: 	: 	: 	: 	: 	: 	: 	: 	: 	: 	: 	: 	: 	: 	: 	: 	: 	: 	: 	: 	: 	: 	: 	: 	: 	: 	: 	: 	19205 	19682 	19534 	18955 	18398 	18279 	18290 	18023 	17659 	17872 	17899 	17906 	18378 	18759 	18674 	18233 	17859 	17834 	17851 	17760 	17568 	17946 	18161 	18395 	18970 	19448 	19395 	18967 	18576 	18672 	18809 	18738 	18516 	18775 	18902 	19119 	19887 	20214 	20169 	19581 	19088 	19035 	19024 	18985 	18785 	19245 	19457 	19716 	20763 	20624 	20606 	19919 	19468 	19285 	19028 	19300 	19548 	19804 	20071 	20040 	20576 	20907 	20719 	19687 	19488 	19144 	18421 	18734 	19014 	19373 	19083 	18984 	19610 	19400 	18986 	18108 	17435 	17183 	16778 	16897 	16976 	17046 	17103 	16707 	16885 	16864 	16180 	15471 	15176 	14796 	14802 	14768 	14799 	14806 	14939 	15009 	15433 	15316 	14995 	14864 	14452 	14731 	14299 	14387 	14583 	15060 	15668 	16378 	17854 	18841 	19073 	18953 	18575 	18516 	18621 	18796 	19288 	19657 	19949 	20156 	21491 	21862 	21430 	21022 	20489 	19883 	19718 	19542 	19949 	20471 	20427 	20433 	21169 	21185 	21003 	20226 	19992 	19726 	19709 	19871 	20264 	20827 	21503 	21642 	22658 	22989 	23008 	22577 	22479 	22107 	22121 	22080 	22576 	23291 	23738 	23556 	25050 	25291 	24839 	24362 	23859 	23320 	22950 	22916 	23351 	23599 	23880 	23392 	24565 	24610 	24123 	23242 	22706 	21899 	21664 	21642 	22061 	22515 	22974 	22032 	22818 	22987 	22610 	21826 	21216 	20843 	20079 	19778 	20191 	20576 	20610 	20354 	20769 	20890 	20481 	19798 	19374 	18971 	18517 	18419 	18593 	18747 	18950 	18393 	18969 	18902 	18445 	17809 	17299 	16709 	16701 	16692 	16655 	16776 	16634 	16354 	17049 	16882 	16487 	16028 	15355 	15084 	14798 	14729 	14844 	15215 	15116 	14738 	15603 	15488 	15123 	14615 	14099 	13705 	13922 	13836 	13994 	14065 	14141 	14020 	14722 	14488 	13729 	14022 	14263 	14753 	15341 	15490 	: 
M,NSA,TOTAL,THS_PER,T,EU28	: 	: 	: 	: 	: 	: 	: 	: 	: 	: 	: 	: 	: 	: 	: 	: 	: 	: 	: 	: 	: 	: 	: 	: 	: 	: 	: 	: 	: 	: 	: 	: 	: 	: 	: 	: 	: 	: 	: 	: 	: 	: 	: 	: 	: 	: 	: 	: 	: 	: 	: 	: 	: 	: 	: 	: 	: 	: 	: 	: 	: 	: 	: 	: 	: 	: 	: 	: 	: 	: 	: 	: 	: 	: 	: 	: 	: 	: 	: 	: 	: 	: 	: 	: 	: 	: 	: 	: 	: 	: 	: 	: 	: 	: 	: 	: 	: 	: 	: 	: 	: 	: 	: 	: 	: 	: 	: 	: 	: 	: 	: 	: 	: 	: 	: 	: 	: 	: 	: 	: 	: 	: 	: 	: 	: 	: 	: 	: 	: 	: 	: 	: 	: 	: 	: 	: 	: 	: 	: 	: 	: 	: 	: 	: 	: 	: 	: 	: 	: 	: 	: 	: 	: 	: 	: 	: 	: 	: 	: 	: 	: 	: 	: 	: 	: 	: 	: 	: 	: 	: 	: 	: 	: 	: 	: 	: 	: 	: 	: 	: 	: 	: 	: 	: 	: 	: 	: 	: 	: 	: 	: 	: 	: 	: 	: 	: 	: 	: 	: 	: 	: 	: 	: 	: 	20816 	21325 	21144 	20507 	19919 	19821 	19874 	19631 	19241 	19395 	19348 	19324 	19816 	20197 	20064 	19553 	19219 	19298 	19390 	19311 	19079 	19435 	19621 	19841 	20413 	20932 	20888 	20437 	20027 	20181 	20393 	20357 	20091 	20305 	20365 	20539 	21348 	21721 	21637 	20977 	20471 	20534 	20579 	20547 	20288 	20704 	20861 	21085 	22134 	22022 	21990 	21265 	20823 	20699 	20477 	20755 	20983 	21217 	21445 	21406 	21974 	22303 	22085 	21036 	20849 	20549 	19873 	20210 	20554 	20919 	20599 	20470 	21140 	20980 	20578 	19687 	19046 	18859 	18517 	18648 	18708 	18706 	18727 	18315 	18552 	18559 	17841 	17050 	16757 	16420 	16497 	16475 	16470 	16406 	16449 	16509 	16989 	16907 	16601 	16396 	16056 	16436 	16150 	16291 	16506 	16991 	17589 	18335 	19948 	21075 	21335 	21253 	20951 	20983 	21143 	21317 	21806 	22096 	22312 	22485 	23953 	24384 	23899 	23407 	22881 	22341 	22214 	22041 	22480 	22952 	22833 	22845 	23620 	23652 	23412 	22626 	22461 	22280 	22368 	22592 	22991 	23520 	24099 	24209 	25270 	25600 	25574 	25035 	24951 	24668 	24704 	24665 	25147 	25802 	26179 	25986 	27583 	27798 	27296 	26765 	26304 	25811 	25509 	25470 	25817 	25921 	26149 	25634 	26782 	26799 	26228 	25242 	24697 	23902 	23678 	23659 	24061 	24404 	24747 	23785 	24612 	24786 	24361 	23570 	22998 	22661 	21910 	21601 	21966 	22230 	22207 	21939 	22430 	22559 	22093 	21345 	20952 	20598 	20194 	20056 	20225 	20315 	20450 	19873 	20486 	20421 	19917 	19207 	18725 	18166 	18177 	18155 	18113 	18192 	18024 	17724 	18440 	18296 	17860 	17321 	16635 	16415 	16189 	16142 	16254 	16550 	16397 	15985 	16890 	16753 	16355 	15815 	15367 	14992 	15262 	15174 	15313 	15322 	15341 	15257 	16052 	: 	: 	: 	: 	: 	: 	: 	: 
M,NSA,TOTAL,THS_PER,T,FI	: 	: 	: 	: 	: 	: 	: 	: 	: 	: 	: 	: 	: 	: 	: 	: 	: 	: 	: 	: 	: 	: 	: 	: 	: 	: 	: 	: 	: 	: 	: 	: 	: 	: 	: 	: 	: 	: 	: 	: 	: 	: 	: 	: 	: 	: 	: 	: 	: 	: 	: 	: 	: 	: 	: 	: 	: 	: 	: 	: 	131 	103 	131 	138 	217 	86 	85 	82 	81 	90 	76 	80 	91 	75 	98 	119 	173 	58 	58 	62 	55 	57 	63 	57 	74 	68 	83 	115 	163 	69 	59 	56 	61 	75 	78 	80 	103 	112 	132 	171 	240 	159 	159 	158 	187 	191 	197 	214 	253 	248 	261 	289 	349 	312 	278 	289 	289 	312 	321 	309 	346 	375 	391 	422 	490 	424 	385 	389 	410 	410 	399 	415 	448 	407 	447 	449 	512 	422 	394 	357 	384 	369 	359 	354 	404 	371 	365 	394 	435 	389 	391 	365 	364 	367 	370 	368 	400 	362 	351 	364 	433 	397 	336 	352 	348 	341 	349 	319 	340 	325 	333 	353 	397 	359 	280 	276 	279 	274 	279 	281 	291 	287 	304 	312 	385 	323 	265 	258 	252 	247 	247 	253 	273 	267 	271 	292 	355 	280 	227 	233 	230 	237 	237 	229 	264 	284 	282 	283 	322 	280 	210 	219 	234 	225 	224 	210 	248 	248 	247 	267 	304 	256 	204 	207 	223 	214 	226 	208 	252 	242 	243 	270 	324 	247 	213 	214 	207 	218 	210 	208 	243 	229 	257 	272 	306 	264 	213 	202 	204 	210 	208 	209 	241 	229 	242 	272 	313 	241 	212 	209 	183 	203 	207 	195 	249 	237 	219 	260 	274 	239 	197 	188 	184 	185 	207 	198 	226 	219 	211 	225 	275 	225 	179 	185 	179 	187 	175 	168 	195 	197 	203 	191 	232 	209 	161 	162 	168 	164 	161 	158 	181 	168 	180 	165 	247 	195 	144 	151 	158 	155 	161 	161 	184 	201 	222 	233 	304 	255 	211 	203 	192 	215 	224 	206 	250 	242 	240 	248 	293 	248 	206 	197 	183 	195 	186 	204 	215 	221 	245 	220 	274 	237 	192 	177 	180 	186 	166 	192 	203 	204 	227 	226 	266 	223 	192 	199 	187 	183 	193 	180 	228 	231 	236 	239 	300 	217 	183 	191 	199 	194 	209 	205 	221 	241 	252 	241 	296 	258 	193 	197 	218 	220 	215 	232 	230 	268 	272 	280 	324 	280 	232 	222 	225 	234 	216 	241 	245 	248 	273 	264 	298 	264 	214 	195 	204 	217 	213 	207 	242 	242 	260 	279 	297 	250 	207 	202 	214 	197 	190 	227 	238 	233 	240 	233 	261 	192 	183 	186 	170 	171 	168 	146 	181 	200 	191 	220 	249 	176 	169 	170 	161 	169 	160 	164 	196 	187 	197 	217 	295 	223 	216 	211 	: 
M,NSA,TOTAL,THS_PER,T,FR	: 	: 	: 	: 	: 	: 	: 	: 	: 	: 	: 	: 	: 	: 	: 	: 	: 	: 	: 	: 	: 	: 	: 	: 	: 	: 	: 	: 	: 	: 	: 	: 	: 	: 	: 	: 	: 	: 	: 	: 	: 	: 	: 	: 	: 	: 	: 	: 	: 	: 	: 	: 	: 	: 	: 	: 	: 	: 	: 	: 	: 	: 	: 	: 	: 	: 	: 	: 	: 	: 	: 	: 	: 	: 	: 	: 	: 	: 	: 	: 	: 	: 	: 	: 	: 	: 	: 	: 	: 	: 	: 	: 	: 	: 	: 	: 	: 	: 	: 	: 	: 	: 	: 	: 	: 	: 	: 	: 	: 	: 	: 	: 	: 	: 	: 	: 	: 	: 	: 	: 	: 	: 	: 	: 	: 	: 	: 	: 	: 	: 	: 	: 	: 	: 	: 	: 	: 	: 	: 	: 	: 	: 	: 	: 	: 	: 	: 	: 	: 	: 	: 	: 	: 	: 	: 	: 	: 	: 	: 	: 	: 	: 	: 	: 	: 	: 	: 	: 	: 	: 	: 	: 	: 	: 	: 	: 	: 	: 	: 	: 	: 	: 	: 	: 	: 	: 	: 	: 	: 	: 	: 	: 	: 	: 	: 	: 	: 	: 	: 	: 	: 	: 	: 	: 	: 	: 	: 	: 	: 	: 	: 	: 	: 	: 	: 	: 	: 	: 	: 	: 	: 	: 	: 	: 	: 	: 	: 	: 	: 	: 	: 	: 	: 	: 	: 	: 	: 	: 	: 	: 	2450 	2383 	2328 	2312 	2250 	2172 	2129 	2183 	2281 	2447 	2541 	2580 	2625 	2582 	2500 	2413 	2349 	2260 	2249 	2371 	2410 	2545 	2628 	2579 	2578 	2504 	2444 	2419 	2398 	2311 	2298 	2426 	2454 	2591 	2666 	2644 	2721 	2676 	2591 	2508 	2428 	2334 	2330 	2449 	2395 	2453 	2464 	2436 	2543 	2505 	2410 	2319 	2239 	2119 	2106 	2195 	2164 	2228 	2227 	2156 	2195 	2122 	2082 	2070 	2031 	1961 	1940 	2053 	2076 	2218 	2338 	2369 	2522 	2579 	2602 	2624 	2607 	2466 	2406 	2544 	2585 	2799 	2897 	2834 	2873 	2849 	2762 	2686 	2627 	2488 	2434 	2582 	2585 	2708 	2797 	2762 	2832 	2782 	2675 	2615 	2561 	2470 	2444 	2568 	2574 	2752 	2858 	2846 	2939 	2896 	2835 	2803 	2777 	2657 	2606 	2734 	2782 	3000 	3125 	3110 	3227 	3172 	3102 	3050 	2983 	2870 	2810 	2894 	2939 	3034 	3131 	3102 	3187 	3142 	3052 	2958 	2911 	2811 	2789 	2935 	2970 	3122 	3243 	3194 	3237 	3176 	3097 	3030 	3013 	2893 	2858 	3014 	2969 	3088 	3153 	3122 	3215 	3196 	3044 	2917 	2853 	2742 	2714 	2909 	2868 	3036 	3091 	3031 	3030 	2940 	2841 	2742 	2714 	2638 	2695 	2855 	2714 	2754 	2751 	2753 	2902 	2869 	2766 	2645 	2592 	2503 	2543 	2715 	2620 	2669 	2678 	2681 	2769 	2700 	2587 	2446 	2396 	2342 	2389 	2550 	2428 	2487 	2497 	2484 	2568 	2382 	2216 	2188 	1879 	1753 	1937 	2223 	: 
M,NSA,TOTAL,THS_PER,T,HR	: 	: 	: 	: 	: 	: 	: 	: 	: 	: 	: 	: 	: 	: 	: 	: 	: 	: 	: 	: 	: 	: 	: 	: 	: 	: 	: 	: 	: 	: 	: 	: 	: 	: 	: 	: 	: 	: 	: 	: 	: 	: 	: 	: 	: 	: 	: 	: 	: 	: 	: 	: 	: 	: 	: 	: 	: 	: 	: 	: 	: 	: 	: 	: 	: 	: 	: 	: 	: 	: 	: 	: 	: 	: 	: 	: 	: 	: 	: 	: 	: 	: 	: 	: 	: 	: 	: 	: 	: 	: 	: 	: 	: 	: 	: 	: 	: 	: 	: 	: 	: 	: 	: 	: 	: 	: 	: 	: 	: 	: 	: 	: 	: 	: 	: 	: 	: 	: 	: 	: 	: 	: 	: 	: 	: 	: 	: 	: 	: 	: 	: 	: 	: 	: 	: 	: 	: 	: 	: 	: 	: 	: 	: 	: 	: 	: 	: 	: 	: 	: 	: 	: 	: 	: 	: 	: 	: 	: 	: 	: 	: 	: 	: 	: 	: 	: 	: 	: 	: 	: 	: 	: 	: 	: 	: 	: 	: 	: 	: 	: 	: 	: 	: 	: 	: 	: 	: 	: 	: 	: 	: 	: 	: 	: 	: 	: 	: 	: 	: 	: 	: 	: 	: 	: 	272 	275 	279 	280 	278 	273 	279 	283 	291 	298 	302 	301 	304 	303 	299 	291 	280 	270 	270 	269 	273 	277 	277 	283 	293 	294 	293 	286 	275 	268 	267 	264 	264 	265 	262 	263 	266 	266 	265 	260 	250 	244 	244 	241 	246 	253 	259 	262 	269 	271 	271 	263 	252 	243 	241 	241 	246 	251 	254 	257 	263 	264 	261 	252 	240 	231 	227 	224 	227 	232 	235 	236 	240 	238 	235 	226 	212 	201 	198 	198 	204 d	211 	211 	210 	213 	211 	205 	195 	184 	175 	187 	186 	177 	181 	183 	184 	189 	188 	183 	173 	162 	153 	152 	150 	153 	158 	161 	166 	176 	182 	185 	181 	174 	166 	168 	168 	175 	186 	194 	201 	216 	224 	227 	221 	214 	210 	209 	212 	221 	236 	245 	254 	268 	273 	270 	254 	247 	240 	243 	243 	243 	253 	261 	274 	292 	301 	301 	289 	276 	266 	271 	274 	284 	304 	317 	328 	343 	347 	341 	329 	308 	293 	292 	290 	301 	322 	334 	342 	357 	364 	360 	342 	318 	299 	295 	292 	297 	317 	327 	334 	350 	354 	343 	319 	295 	277 	275 	272 	276 	293 	301 	299 	304 	297 	280 	255 	229 	217 	216 	213 	215 	232 	240 	245 	255 	250 	235 	214 	188 	175 	177 	178 	176 	187 	194 	191 	198 	192 	178 	158 	139 	134 	132 	130 	128 	139 	143 	144 	153 	149 	138 	122 	107 	103 	105 	105 	103 	112 	117 	119 	127 	124 	129 	143 	141 	135 	136 	136 	: 
M,NSA,TOTAL,THS_PER,T,HU	: 	: 	: 	: 	: 	: 	: 	: 	: 	: 	: 	: 	: 	: 	: 	: 	: 	: 	: 	: 	: 	: 	: 	: 	: 	: 	: 	: 	: 	: 	: 	: 	: 	: 	: 	: 	: 	: 	: 	: 	: 	: 	: 	: 	: 	: 	: 	: 	: 	: 	: 	: 	: 	: 	: 	: 	: 	: 	: 	: 	: 	: 	: 	: 	: 	: 	: 	: 	: 	: 	: 	: 	: 	: 	: 	: 	: 	: 	: 	: 	: 	: 	: 	: 	: 	: 	: 	: 	: 	: 	: 	: 	: 	: 	: 	: 	: 	: 	: 	: 	: 	: 	: 	: 	: 	: 	: 	: 	: 	: 	: 	: 	: 	: 	: 	: 	: 	: 	: 	: 	: 	: 	: 	: 	: 	: 	: 	: 	: 	: 	: 	: 	: 	: 	: 	: 	: 	: 	: 	: 	: 	: 	: 	: 	419 	421 	419 	411 	390 	370 	377 	384 	380 	372 	369 	376 	449 	445 	431 	407 	394 	390 	396 	392 	378 	353 	345 	354 	379 	388 	381 	359 	348 	348 	360 	362 	354 	336 	334 	347 	376 	389 	384 	363 	352 	349 	356 	354 	343 	322 	309 	303 	301 	309 	304 	291 	278 	269 	268 	270 	269 	265 	260 	264 	278 	289 	288 	278 	264 	251 	247 	244 	239 	235 	230 	231 	241 	251 	250 	240 	230 	223 	223 	221 	217 	214 	211 	217 	232 	246 	248 	238 	227 	220 	220 	223 	224 	222 	222 	228 	243 	258 	262 	255 	243 	231 	228 	231 	230 	227 	226 	232 	248 	252 	248 	241 	241 	244 	246 	254 	255 	261 	263 	274 	285 	294 	297 	301 	298 	297 	301 	308 	308 	305 	309 	317 	326 	324 	319 	309 	306 	311 	315 	318 	317 	321 	320 	318 	313 	316 	314 	308 	297 	297 	305 	307 	311 	316 	328 	343 	337 d	330 	320 	318 	316 	312 	312 	323 	324 	329 	337 	352 	380 	404 	412 	409 	401 	405 	417 	431 	432 	438 	435 	452 	473 	494 	493 	481 	471 	464 	462 	459 	458 	454 	454 	469 	486 	493 	484 	468 	460 	460 	457 	456 	463 	456 	455 	473 	496 	507 	496 	487 	472 	463 	455 	454 	456 	461 	459 	475 	489 	495 	466 	453 	441 	440 	435 	430 	425 	404 	399 	384 	370 	364 	357 	357 	359 	356 	343 	331 	317 	321 	318 	330 	346 	348 	338 	320 	310 	306 	304 	293 	290 	284 	281 	279 	275 	273 	265 	251 	234 	228 	227 	226 	219 	208 	205 	198 	203 	207 	209 	203 	196 	193 	195 	189 	183 	178 	175 	174 	178 	178 	177 	171 	165 	166 	173 	178 	173 	169 	167 	170 	168 	166 	162 	160 	155 	158 	157 	163 	164 	163 	155 	160 	164 	173 	174 	190 	214 	224 	214 	: 	: 
M,NSA,TOTAL,THS_PER,T,IE	172 	176 	177 	176 	176 	177 	180 	182 	182 	183 	186 	191 	199 	202 	201 	200 	197 	196 	199 	201 	200 	199 	201 	208 	216 	220 	218 	216 	212 	213 	218 	221 	220 	214 	213 	219 	224 	223 	221 	218 	215 	216 	219 	220 	217 	212 	212 	218 	224 	223 	219 	217 	215 	214 	216 	217 	214 	210 	209 	215 	221 	221 	219 	215 	210 	209 	212 	214 	209 	203 	200 	202 	206 	204 	200 	195 	190 	189 	190 	190 	186 	179 	177 	180 	184 	183 	178 	173 	169 	170 	175 	178 	176 	172 	172 	178 	185 	189 	192 	193 	192 	195 	203 	207 	204 	199 	198 	201 	206 	208 	208 	207 	203 	203 	212 	216 	215 	210 	209 	213 	219 	221 	219 	217 	214 	213 	216 	218 	215 	211 	210 	214 	217 	216 	214 	210 	205 	203 	205 	204 	198 	192 	188 	187 	188 	185 	180 	176 	173 	173 	177 	178 	176 	174 	173 	176 	180 	180 	177 	175 	173 	173 	178 	179 	175 	169 	163 	164 	165 	163 	160 	157 	153 	152 	154 	154 	149 	143 	138 	138 	138 	135 	130 	127 	123 	123 	125 	124 	119 	113 	109 	108 	109 	105 	104 	106 	106 	108 	107 	103 	96 	93 	90 	91 	89 	88 	86 	91 	88 	92 	91 	87 	77 	71 	68 	71 	73 	73 	73 	75 	76 	83 	89 	91 	83 	80 	80 	80 	83 	86 	88 	90 	91 	94 	93 	92 	89 	94 	98 	100 	97 	93 	90 	94 	94 	103 	108 	107 	96 	89 	87 	92 	101 	103 	102 	98 	95 	99 	100 	98 	92 	91 	90 	92 	90 	89 	94 	101 	105 	112 	113 	109 	96 	91 	91 	94 	100 	102 	102 	104 	106 	116 	122 	122 	107 	98 	96 	101 	107 	112 	114 	117 	118 	126 	125 	122 	112 	112 	115 	118 	120 	123 	129 	132 	141 	160 	178 	186 	178 	180 	187 	201 	227 	249 	267 	285 	299 	315 	320 	319 	306 	300 	300 	303 	305 	304 	310 	320 	331 	342 	342 	340 	329 	332 	334 	341 	334 	330 	329 	333 	339 	356 	366 	365 	338 	330 	336 	355 	338 	352 	355 	349 	349 	360 	368 	364 	331 	320 	316 	323 	317 	318 	316 	325 	331 	334 	327 	317 	286 	276 	273 	282 	282 	283 	281 	277 	279 	284 	287 	280 	251 	236 	232 	238 	236 	235 	235 	234 	236 	238 	237 	232 	213 	208 	208 	204 	201 	198 	198 	206 	212 	216 	215 	209 	180 	170 	164 	169 	165 	164 	161 	158 	159 	165 	171 	167 	152 	146 	142 	144 	134 	133 	131 	139 	146 	149 	151 	148 	133 	131 	127 	128 	115 	113 	116 	124 	132 	137 	137 	131 	116 	109 	108 	114 	113 	114 	117 	113 	118 	125 	133 	133 	126 
M,NSA,TOTAL,THS_PER,T,IS	: 	: 	: 	: 	: 	: 	: 	: 	: 	: 	: 	: 	: 	: 	: 	: 	: 	: 	: 	: 	: 	: 	: 	: 	: 	: 	: 	: 	: 	: 	: 	: 	: 	: 	: 	: 	: 	: 	: 	: 	: 	: 	: 	: 	: 	: 	: 	: 	: 	: 	: 	: 	: 	: 	: 	: 	: 	: 	: 	: 	: 	: 	: 	: 	: 	: 	: 	: 	: 	: 	: 	: 	: 	: 	: 	: 	: 	: 	: 	: 	: 	: 	: 	: 	: 	: 	: 	: 	: 	: 	: 	: 	: 	: 	: 	: 	: 	: 	: 	: 	: 	: 	: 	: 	: 	: 	: 	: 	: 	: 	: 	: 	: 	: 	: 	: 	: 	: 	: 	: 	: 	: 	: 	: 	: 	: 	: 	: 	: 	: 	: 	: 	: 	: 	: 	: 	: 	: 	: 	: 	: 	: 	: 	: 	: 	: 	: 	: 	: 	: 	: 	: 	: 	: 	: 	: 	: 	: 	: 	: 	: 	: 	: 	: 	: 	: 	: 	: 	: 	: 	: 	: 	: 	: 	: 	: 	: 	: 	: 	: 	: 	: 	: 	: 	: 	: 	: 	: 	: 	: 	: 	: 	: 	: 	: 	: 	: 	: 	: 	: 	: 	: 	: 	: 	: 	: 	: 	: 	: 	: 	: 	: 	: 	: 	: 	: 	: 	: 	: 	: 	: 	: 	: 	: 	: 	: 	: 	: 	: 	: 	: 	: 	: 	: 	: 	: 	: 	: 	: 	: 	8 	6 	5 	5 	10 	5 	4 	5 	4 	4 	4 	5 	5 	4 	6 	5 	11 	4 	4 	5 	4 	4 	4 	4 	6 	4 	4 	4 	7 	4 	2 	4 	2 	5 	5 	3 	4 	4 	4 	6 	10 	5 	4 	5 	5 	5 	4 	5 	4 	2 	4 	6 	9 	3 	3 	5 	3 	4 	2 	4 	5 	4 	3 	5 	8 	4 	5 	4 	5 	4 	9 	9 	9 	15 	14 	15 	21 	14 	9 	12 	12 	10 	12 	13 	14 	14 	13 	15 	22 	12 	11 	11 	14 	12 	13 	15 	14 	14 	13 	18 	21 	9 	10 	11 	10 	13 	9 	10 	12 	13 	13 	14 	16 	10 	8 	10 	9 	8 	7 	10 	10 	8 	12 	12 	14 	12 	7 	8 	10 	9 	8 	8 	12 	8 	11 	11 	14 	9 	6 	9 	8 	9 	6 	8 	8 	8 	8 	11 	13 	6 	6 	7 	7 	7 	7 	4 	5 	6 	7 	9 	8 	4 	4 	6 	6 	5 	5 	5 	7 	6 	3 	6 	10 	5 	2 	5 	6 	7 	3 	6 	8 	5 	5 	9 	6 	6 	5 	5 	3 	6 	6 	3 	6 	7 	6 	9 	13 	7 	5 	9 	6 	7 	7 	7 	7 	10 	6 	14 	21 	8 	11 	12 	: 
M,NSA,TOTAL,THS_PER,T,IT	1592 p	1629 p	1642 p	1621 p	1616 p	1620 p	1612 p	1616 p	1654 p	1722 p	1775 p	1799 p	1823 p	1822 p	1771 p	1738 p	1719 p	1707 p	1704 p	1696 p	1723 p	1768 p	1797 p	1817 p	1841 p	1845 p	1810 p	1772 p	1760 p	1792 p	1819 p	1826 p	1874 p	1940 p	1974 p	1985 p	2005 p	2024 p	2006 p	1977 p	1969 p	1969 p	1980 p	2011 p	2088 p	2163 p	2166 p	2167 p	2184 p	2197 p	2173 p	2133 p	2185 p	2243 p	2242 p	2261 p	2288 p	2299 p	2301 p	2284 p	2299 p	2314 p	2282 p	2251 p	2229 p	2221 p	2238 p	2260 p	2260 p	2292 p	2347 p	2333 p	2320 p	2329 p	2290 p	2256 p	2268 p	2276 p	2283 p	2276 p	2250 p	2238 p	2228 p	2195 p	2164 p	2135 p	2063 p	2030 p	2073 p	2090 p	2064 p	2056 p	2078 p	2088 p	2089 p	2073 p	2061 p	2063 p	2033 p	1999 p	1972 p	1955 p	1968 p	1992 p	2016 p	2066 p	2100 p	2052 p	2049 	2098 	2084 	2040 	2002 	1999 	2029 	2054 	2079 	2084 	2078 	2076 	2046 	2036 	2169 	2334 	2285 	2386 	2484 	2206 	2085 	2521 	2514 	2480 	2322 	2525 	2580 	2594 	2428 	2493 	2608 	2314 	2186 	2621 	2620 	2619 	2511 	2749 	2779 	2720 	2528 	2622 	2807 	2509 	2327 	2687 	2604 	2551 	2433 	2682 	2751 	2763 	2596 	2677 	2811 	2486 	2312 	2690 	2632 	2590 	2480 	2736 	2808 	2820 	2638 	2687 	2779 	2453 	2291 	2712 	2670 	2615 	2470 	2712 	2786 	2829 	2671 	2747 	2865 	2546 	2374 	2786 	2724 	2662 	2519 	2745 	2779 	2755 	2583 	2652 	2793 	2476 	2277 	2592 	2492 	2456 	2395 	2644 	2657 	2572 	2372 	2426 	2569 	2287 	2097 	2379 	2275 	2222 	2148 	2357 	2356 	2273 	2101 	2159 	2303 	2069 	1919 	2209 	2122 	2062 	1960 	2146 	2180 	2179 	2049 	2097 	2194 	1949 	1802 	2070 	2026 	2041 	2039 	2267 	2265 	2160 	1970 	2009 	2122 	1911 	1787 	2106 	2026 	1943 	2106 	2031 	2136 	1944 	1948 	1840 	1689 	1609 	1973 	2045 	2090 	1885 	1940 	2069 	1999 	1890 	1784 	1819 	1551 	1516 	1989 	2085 	1984 	1861 	1871 	1941 	1765 	1667 	1681 	1487 	1364 	1388 	1684 	1819 	1742 	1500 	1632 	1576 	1416 	1344 	1476 	1326 	1405 	1271 	1486 	1606 	1635 	1628 	1795 	1789 	1595 	1730 	1665 	1644 	1480 	1397 	1644 	1809 	1782 	1620 	1935 	1941 	1964 	1887 	1705 	1798 	1751 	1589 	1998 	2149 	2068 	2068 	2231 	2275 	2176 	2195 	2068 	1915 	1830 	1609 	1986 	2234 	2156 	2024 	2079 	2103 	2129 	1952 	1952 	1827 	1794 	1618 	2111 	2236 	2434 	2437 	2538 	2695 	2909 	2764 	2608 	2591 	2471 	2233 	2664 	3018 	2997 	2807 	3247 	3260 	3151 	3124 	3071 	2882 	2739 	2690 	3036 	3246 	3323 	3058 	3480 	3502 	3350 	3217 	3237 	2819 	3003 	2705 	3211 	3499 	3702 	3037 	3243 	3316 	3361 	3101 	3137 	3067 	2689 	2473 	2865 	3096 	3102 	2950 	3062 	3113 	3086 	3048 	2964 	2971 	2755 	2565 	3045 	3103 	3292 	3101 	3204 	3073 	3137 	2889 	2881 	2765 	2789 	2620 	2832 	2953 	3004 	2762 	3070 	2923 	3013 	2979 	2712 	2745 	2503 	2185 	2582 	2933 	2849 	2635 	2919 	2938 	2724 	2707 	2527 	2405 	2445 	2111 	2534 	2585 	2601 	2528 	2684 	2610 	1829 	1538 	1940 	2305 	2627 	2336 	: 
M,NSA,TOTAL,THS_PER,T,JP	1620 	1650 	1720 	1690 	1580 	1480 	1440 	1580 	1570 	1480 	1470 	1430 	1650 	1710 	1780 	1680 	1600 	1630 	1570 	1570 	1590 	1590 	1510 	1420 	1520 	1640 	1740 	1570 	1540 	1530 	1460 	1480 	1570 	1590 	1590 	1540 	1640 	1630 	1830 	1820 	1630 	1610 	1670 	1690 	1670 	1610 	1600 	1610 	1820 	1860 	1940 	1900 	1910 	1760 	1580 	1660 	1660 	1620 	1560 	1500 	1680 	1730 	1810 	1660 	1560 	1440 	1480 	1570 	1500 	1460 	1410 	1340 	1450 	1510 	1630 	1570 	1500 	1340 	1320 	1410 	1380 	1370 	1330 	1220 	1410 	1430 	1410 	1410 	1360 	1320 	1260 	1290 	1370 	1390 	1250 	1190 	1320 	1360 	1540 	1450 	1360 	1320 	1320 	1390 	1400 	1320 	1300 	1270 	1410 	1370 	1510 	1420 	1420 	1330 	1350 	1440 	1480 	1450 	1450 	1440 	1530 	1570 	1680 	1570 	1690 	1590 	1590 	1670 	1720 	1760 	1760 	1750 	1840 	1940 	2080 	1940 	1920 	1830 	1880 	2010 	2000 	1990 	1850 	1770 	1960 	1990 	2200 	2140 	2080 	2020 	2020 	2160 	2190 	2140 	2180 	2110 	2300 	2240 	2290 	2350 	2400 	2270 	2210 	2230 	2240 	2280 	2110 	2080 	2220 	2290 	2340 	2310 	2440 	2290 	2240 	2310 	2360 	2360 	2280 	2180 	2380 	2460 	2770 	2900 	2930 	2840 	2710 	2970 	2950 	2910 	2910 	2740 	2970 	3130 	3400 	3420 	3340 	3290 	3190 	3200 	3170 	3100 	2950 	2870 	3090 	3270 	3490 	3450 	3290 	3210 	3070 	3100 	3190 	3130 	3100 	2970 	3170 	3180 	3440 	3480 	3470 	3390 	3300 	3370 	3570 	3520 	3500 	3370 	3440 	3560 	3800 	3740 	3760 	3670 	3510 	3610 	3650 	3620 	3380 	3310 	3570 	3490 	3830 	3840 	3750 	3610 	3420 	3330 	3460 	3430 	3310 	3000 	3230 	3300 	3340 	3350 	3200 	3090 	3180 	3140 	3090 	3110 	2900 	2700 	2950 	3070 	3130 	3100 	3070 	2800 	2890 	2840 	2850 	3030 	2920 	2650 	2920 	2770 	2890 	2830 	2770 	2780 	2680 	2730 	2800 	2810 	2590 	2440 	2640 	2700 	2800 	2690 	2570 	2420 	2340 	2490 	2690 	2710 	2460 	2310 	2560 	2660 	2680 	2750 	2700 	2670 	2570 	2740 	2720 	2570 	2570 	2710 	2780 	3000 	3360 	3470 	3480 	3490 	3600 	3620 	3640 	3450 	3330 	3180 	3240 	3250 	3510 	3570 	3480 	3460 	3310 	3380 	3410 	3360 	3190 	3000 	3100 	3040 	3210 b	3290 	3130 	3150 	3120 	2950 	2770 	2890 	2810 	2770 	2910 	2890 	3070 	3160 	2970 	2880 	2880 	2770 	2750 	2710 	2590 	2590 	2730 	2770 	2820 	2930 	2810 	2630 	2570 	2730 	2600 	2650 	2510 	2270 	2400 	2340 	2480 	2560 	2440 	2470 	2490 	2340 	2360 	2350 	2210 	2120 	2330 	2270 	2300 	2350 	2260 	2260 	2240 	2270 	2280 	2080 	2100 	2050 	2110 	2130 	2160 	2250 	2160 	2100 	2030 	2120 	2040 	1950 	1970 	1920 	1970 	1890 	1880 	1970 	2100 	1920 	1910 	1890 	1900 	1810 	1780 	1750 	1600 	1660 	1720 	1800 	1580 	1690 	1720 	1700 	1620 	1630 	1670 	1590 	1660 	1560 	1740 	1760 	1650 	1620 	1560 	1570 	1680 	1650 	1500 	1460 	1580 	1590 	1760 	1890 	1980 	1950 	1970 	2060 	: 
M,NSA,TOTAL,THS_PER,T,LT	: 	: 	: 	: 	: 	: 	: 	: 	: 	: 	: 	: 	: 	: 	: 	: 	: 	: 	: 	: 	: 	: 	: 	: 	: 	: 	: 	: 	: 	: 	: 	: 	: 	: 	: 	: 	: 	: 	: 	: 	: 	: 	: 	: 	: 	: 	: 	: 	: 	: 	: 	: 	: 	: 	: 	: 	: 	: 	: 	: 	: 	: 	: 	: 	: 	: 	: 	: 	: 	: 	: 	: 	: 	: 	: 	: 	: 	: 	: 	: 	: 	: 	: 	: 	: 	: 	: 	: 	: 	: 	: 	: 	: 	: 	: 	: 	: 	: 	: 	: 	: 	: 	: 	: 	: 	: 	: 	: 	: 	: 	: 	: 	: 	: 	: 	: 	: 	: 	: 	: 	: 	: 	: 	: 	: 	: 	: 	: 	: 	: 	: 	: 	: 	: 	: 	: 	: 	: 	: 	: 	: 	: 	: 	: 	: 	: 	: 	: 	: 	: 	: 	: 	: 	: 	: 	: 	: 	: 	: 	: 	: 	: 	: 	: 	: 	: 	: 	: 	: 	: 	: 	: 	: 	: 	: 	: 	: 	: 	: 	: 	258 	267 	266 	253 	234 	211 	193 	186 	190 	207 	222 	234 	247 	251 	250 	234 	226 	224 	238 	250 	258 	266 	272 	271 	268 	266 	266 	266 	267 	270 	280 	282 	279 	275 	278 	285 	296 	299 	297 	287 	276 	270 	268 	269 	274 	283 	291 	296 	294 	282 	264 	233 	210 	197 	193 	194 	196 	203 	211 	215 	216 	218 	222 	225 	221 	209 	198 	192 	182 	180 	188 	195 	198 	198 	193 	180 	170 	163 	162 	161 	159 	165 	166 	166 	159 	154 	152 	149 	140 	130 	121 	114 	109 	111 	111 	113 	108 	102 	97 	89 	83 	82 	87 	90 	86 	78 	74 	77 	79 	78 	75 	68 	61 	57 	59 	59 	57 	55 	58 	65 	73 	75 	74 	68 	67 	71 	83 	93 	96 	105 	119 	137 	162 	185 	203 	210 	212 	211 	211 	212 	213 	223 	236 	251 	272 	273 	272 	278 	273 	271 	277 	270 	265 	266 	262 	267 	260 	255 	250 	243 	231 	225 	229 	223 	213 	204 	199 	205 	211 	213 	214 	206 	194 	190 	187 	184 	185 	189 	195 	194 	194 	189 	191 	180 	167 	168 	159 	162 	158 	156 	167 	179 	184 	185 	181 	171 	166 	160 	141 	136 	129 	136 	148 	160 	150 	146 	141 	140 	136 	139 	126 	122 	119 	123 	127 	139 	127 	122 	119 	117 	119 	121 	115 	110 	108 	104 	108 	124 	118 	119 	116 	106 	99 	102 	96 	94 	96 	89 	93 	109 	102 	103 	107 	89 	81 	87 	83 	82 	84 	80 	84 	97 	95 	95 	96 	88 	88 	94 	87 	90 	90 	86 	93 	102 	101 	104 	113 	120 	126 	132 	136 	142 	: 
M,NSA,TOTAL,THS_PER,T,LU	6 	6 	5 	5 	5 	5 	5 	5 	5 	5 	5 	5 	6 	6 	5 	4 	4 	4 	4 	4 	4 	5 	5 	5 	5 	5 	5 	4 	4 	4 	4 	4 	4 	4 	5 	5 	5 	5 	4 	4 	4 	4 	3 	3 	4 	4 	4 	4 	4 	4 	4 	4 	4 	4 	3 	3 	4 	4 	4 	4 	4 	4 	4 	3 	3 	3 	3 	3 	3 	3 	3 	3 	3 	3 	3 	3 	2 	2 	3 	3 	3 	3 	3 	3 	3 	3 	3 	3 	2 	2 	2 	2 	2 	3 	3 	3 	3 	3 	2 	2 	2 	2 	2 	3 	3 	3 	3 	3 	3 	4 	4 	3 	3 	3 	3 	3 	4 	4 	4 	4 	4 	4 	4 	4 	4 	4 	4 	4 	5 	5 	5 	5 	6 	6 	6 	6 	5 	5 	5 	5 	5 	5 	5 	5 	5 	5 	5 	5 	4 	4 	4 	4 	5 	5 	5 	5 	5 	6 	6 	5 	5 	5 	5 	4 	5 	5 	5 	5 	5 	5 	5 	4 	4 	4 	4 	4 	5 	5 	5 	5 	5 	5 	5 	5 	5 	4 	4 	4 	4 	5 	5 	4 	5 	5 	5 	4 	4 	4 	4 	4 	4 	4 	5 	5 	5 	5 	4 	4 	4 	4 	4 	4 	4 	4 	4 	4 	4 	4 	4 	3 	3 	3 	3 	3 	4 	4 	4 	4 	5 	4 	4 	4 	4 	4 	5 	5 	5 	6 	6 	6 	7 	7 	7 	7 	7 	7 	7 	7 	8 	8 	9 	9 	10 	10 	10 	10 	9 	9 	9 	10 	10 	10 	10 	10 	10 	10 	10 	9 	9 	9 	9 	9 	9 	10 	10 	10 	10 	10 	10 	9 	9 	8 	9 	9 	10 	10 	10 	10 d	10 	10 	9 	9 	8 	8 	8 	8 	8 	9 	9 	9 	10 	10 	10 	10 	10 	10 	10 	10 	11 	11 	12 	12 	13 	13 	12 	12 	11 	11 	11 	11 	11 	12 	11 	12 	12 	11 	11 	10 	9 	10 	10 	10 	10 	11 	11 	12 	12 	12 	11 	11 	11 	11 	11 	11 	12 	12 	12 	13 	13 	13 	13 	12 	12 	12 	12 	12 	12 	13 	13 	14 	15 	15 	15 	14 	14 	14 	15 	14 	15 	15 	15 	17 	17 	16 	16 	15 	15 	15 	15 	15 	16 	16 	17 	18 	18 	18 	18 	17 	17 	17 	18 	17 	17 	18 	18 	19 	19 	19 	18 	17 	17 	16 	17 	17 	17 	18 	18 	19 	18 	18 	17 	16 	15 	15 	16 	15 	16 	16 	16 	17 	17 	17 	17 	16 	16 	15 	16 	16 	16 	16 	16 	17 	17 	17 	17 	17 	17 	16 	17 	17 	16 	17 	17 	19 	19 	19 	21 	23 	23 	22 	22 	21 	: 
M,NSA,TOTAL,THS_PER,T,LV	: 	: 	: 	: 	: 	: 	: 	: 	: 	: 	: 	: 	: 	: 	: 	: 	: 	: 	: 	: 	: 	: 	: 	: 	: 	: 	: 	: 	: 	: 	: 	: 	: 	: 	: 	: 	: 	: 	: 	: 	: 	: 	: 	: 	: 	: 	: 	: 	: 	: 	: 	: 	: 	: 	: 	: 	: 	: 	: 	: 	: 	: 	: 	: 	: 	: 	: 	: 	: 	: 	: 	: 	: 	: 	: 	: 	: 	: 	: 	: 	: 	: 	: 	: 	: 	: 	: 	: 	: 	: 	: 	: 	: 	: 	: 	: 	: 	: 	: 	: 	: 	: 	: 	: 	: 	: 	: 	: 	: 	: 	: 	: 	: 	: 	: 	: 	: 	: 	: 	: 	: 	: 	: 	: 	: 	: 	: 	: 	: 	: 	: 	: 	: 	: 	: 	: 	: 	: 	: 	: 	: 	: 	: 	: 	: 	: 	: 	: 	: 	: 	: 	: 	: 	: 	: 	: 	: 	: 	: 	: 	: 	: 	: 	: 	: 	: 	: 	: 	: 	: 	: 	: 	: 	: 	: 	: 	: 	: 	: 	: 	: 	: 	: 	167 	168 	165 	159 	155 	152 	151 	152 	155 	160 	163 	162 	158 	155 	154 	153 	154 	156 	158 	161 	164 	167 	167 	164 	159 	155 	153 	153 	153 	154 	155 	156 	158 	161 	160 	156 	149 	144 	142 	141 	141 	141 d	147 	148 	145 	137 	137 	145 	157 	156 	144 	124 	117 	119 	129 	134 	134 	128 	127 	128 	130 	131 	132 	134 	133 	128 	118 	114 	118 	129 	136 	136 	133 	127 	122 	121 	122 	125 	129 	130 	129 	125 	124 	121 	118 	113 	108 	104 	103 	102 	97 	93 	93 	94 	95 	92 	86 	79 	73 	69 	67 	68 	69 	70 	73 	76 	79 	78 	74 	70 	67 	66 	65 	62 	58 	58 	63 	72 	78 	79 	77 	76 	75 	78 	84 	92 	106 	117 	129 	143 	162 	177 	188 	193 	196 	202 	204 	205 	209 	215 	221 	222 	224 	227 	224 	216 	206 	200 	198 	194 	190 	186 	183 	178 	179 	180 	184 	179 	169 	159 	155 	153 	154 	155 	157 	160 	166 	171 	176 	171 	159 	145 	140 	140 	145 	146 	143 	134 	133 	127 	120 	113 	111 	119 	122 	121 	114 	113 	116 	117 	120 	119 	112 	105 	101 	105 	106 	104 	102 	101 	99 	97 	101 	103 	98 	96 	97 	98 	97 	96 	97 	98 	100 	102 	102 	100 	97 	93 	93 	96 	95 	93 	90 	90 	92 	93 	91 	90 	88 	86 	86 	86 	84 	82 	80 	79 	80 	81 	80 	80 	78 	75 	73 	71 	69 	67 	67 	67 	68 	68 	67 	66 	63 	61 	61 	61 	59 	56 	54 	56 	64 	70 	72 	75 	82 	84 	85 	87 	84 	: 
M,NSA,TOTAL,THS_PER,T,MT	: 	: 	: 	: 	: 	: 	: 	: 	: 	: 	: 	: 	: 	: 	: 	: 	: 	: 	: 	: 	: 	: 	: 	: 	: 	: 	: 	: 	: 	: 	: 	: 	: 	: 	: 	: 	: 	: 	: 	: 	: 	: 	: 	: 	: 	: 	: 	: 	: 	: 	: 	: 	: 	: 	: 	: 	: 	: 	: 	: 	: 	: 	: 	: 	: 	: 	: 	: 	: 	: 	: 	: 	: 	: 	: 	: 	: 	: 	: 	: 	: 	: 	: 	: 	: 	: 	: 	: 	: 	: 	: 	: 	: 	: 	: 	: 	: 	: 	: 	: 	: 	: 	: 	: 	: 	: 	: 	: 	: 	: 	: 	: 	: 	: 	: 	: 	: 	: 	: 	: 	: 	: 	: 	: 	: 	: 	: 	: 	: 	: 	: 	: 	: 	: 	: 	: 	: 	: 	: 	: 	: 	: 	: 	: 	8 	8 	7 	7 	7 	7 	7 	7 	8 	8 	8 	8 	8 	8 	8 	8 	7 	7 	8 	8 	8 	8 	9 	9 	9 	9 	9 	9 	9 	9 	10 	10 	10 	10 	10 	10 	10 	10 	10 	9 	9 	9 	9 	10 	10 	10 	10 	10 	10 	10 	11 	10 	10 	10 	11 	12 	12 	11 	11 	11 	11 	11 	11 	10 	10 	9 	10 	10 	10 	10 	11 	11 	11 	12 	12 	12 	12 	11 	12 	13 	13 	13 	13 	13 	13 	13 	12 	12 	11 	10 	10 	10 	10 	11 	11 	10 	11 	10 	11 	12 	12 	12 	13 	13 	13 	13 	13 	12 	12 	12 	11 	12 	12 	11 	12 	12 	12 	11 	11 	11 	11 	11 	12 	12 	12 	11 	11 	10 	10 	11 	11 	12 	12 	12 	12 	12 	11 	11 	11 	11 	10 	10 	10 	10 	12 	12 	12 	11 	11 	10 	10 	11 	10 	10 	10 	9 	10 	10 	10 	10 	10 	10 	10 	10 	10 	10 	11 	10 	11 	11 	11 	12 	12 	12 	12 	11 	12 	12 	13 	13 	12 	12 	12 	12 	11 	11 	12 	11 	12 	13 	12 	12 	12 	12 	11 	12 	12 	11 	11 	10 	11 	11 	12 	11 	11 	11 	11 	11 	11 	11 	12 	12 	12 	12 	12 	10 	11 	11 	11 	12 	12 	12 	12 	12 	12 	12 	12 	11 	11 	11 	11 	12 	12 	12 	12 	12 	12 	12 	11 	11 	11 	11 	11 	11 	12 	11 	11 	11 	11 	12 	11 	11 	11 	11 	11 	11 	11 	10 	10 	10 	9 	10 	9 	9 	9 	9 	9 	9 	9 	9 	9 	9 	10 	10 	9 	9 	9 	9 	9 	9 	9 	9 	9 	9 	9 	9 	9 	9 	9 	10 	10 	9 	9 	9 	10 	10 	10 	10 	10 	9 	10 	9 	11 	12 	12 	12 	12 	11 	: 
M,NSA,TOTAL,THS_PER,T,NL	600 	618 	624 	580 	566 	584 	531 	532 	565 	571 	574 	530 	596 	613 	617 	573 	558 	571 	517 	517 	545 	549 	548 	504 	561 	574 	574 	531 	516 	524 	473 	473 	497 	501 	500 	460 	511 	524 	524 	485 	474 	482 	436 	440 	465 	472 	474 	440 	491 	508 	511 	476 	471 	479 	435 	443 	471 	481 	484 	453 	505 	526 	526 	490 	484 	489 	441 	447 	470 	475 	474 	438 	480 	493 	488 	451 	442 	442 	397 	403 	423 	428 	428 	398 	438 	453 	450 	417 	412 	412 	371 	379 	398 	404 	404 	376 	413 	428 	425 	395 	391 	393 	354 	362 	382 	388 	391 	366 	403 	421 	420 	394 	394 	397 	362 	376 	400 	413 	422 	401 	449 	474 	480 	453 	454 	461 	421 	436 	462 	474 	481 	453 	501 	526 	528 	500 	503 	509 	469 	490 	525 	546 	563 	539 	612 	649 	661 	623 	622 	635 	578 	589 	625 	634 	632 	582 	638 	652 	646 	594 	581 	582 	521 	526 	550 	554 	550 	508 	557 	572 	565 	519 	508 	504 	449 	453 	470 	471 	464 	425 	460 	468 	458 	418 	406 	403 	358 	359 	374 	375 	369 	339 	370 	378 	374 	342 	335 	336 	301 	303 	318 	321 	319 	296 	327 	336 	334 	307 	300 	300 	268 	269 	280 	280 	275 	249 	269 	272 	268 	246 	241 	244 	221 	225 	241 	249 	253 	241 	274 	292 	299 	285 	289 	300 	278 	290 	315 	328 	338 	323 d	375 	394 	398 	378 	378 	398 	369 	388 	411 	415 	432 	407 	470 	480 	490 	476 	467 	478 	431 	443 	459 	467 	473 	458 	512 	535 	536 	505 	496 	491 	452 	461 	476 	478 	475 	446 	478 	492 	479 	436 	428 	410 	376 	379 	393 	398 	399 	360 	405 	422 	397 	359 	356 	342 	325 	321 	339 	344 	340 	306 	355 	353 	344 	325 	321 	313 	283 	281 	312 	315 	316 	296 	349 	371 	373 	370 	367 	367 	361 	368 	404 	410 	424 	409 	467 	475 	470 	442 	433 	427 	410 	406 	429 	425 	431 	408 	454 	459 	441 	420 	416 	400 	401 	398 	442 	458 	476 	447 	511 	514 	513 	511 	498 	490 	495 	486 	530 	539 	555 	548 	615 	634 	645 	634 	630 	635 	642 	637 	675 	679 	676 	660 	716 	730 	717 	694 	670 	641 	626 	604 	630 	634 	635 	619 	674 	664 	653 	635 	614 	595 	580 	570 	608 	617 	591 	565 	603 	612 	599 	587 	557 	528 	517 	484 	514 	510 	495 	458 	509 	504 	489 	471 	456 	425 	413 	388 	424 	407 	395 	371 	407 	398 	384 	370 	352 	338 	324 	319 	344 	339 	323 	306 	356 	339 	333 	313 	302 	300 	289 	290 	324 	326 	322 	276 	309 	302 	299 	326 	329 	393 	394 	393 	: 
M,NSA,TOTAL,THS_PER,T,NO	: 	: 	: 	: 	: 	: 	: 	: 	: 	: 	: 	: 	: 	: 	: 	: 	: 	: 	: 	: 	: 	: 	: 	: 	: 	: 	: 	: 	: 	: 	: 	: 	: 	: 	: 	: 	: 	: 	: 	: 	: 	: 	: 	: 	: 	: 	: 	: 	: 	: 	: 	: 	: 	: 	: 	: 	: 	: 	: 	: 	: 	: 	: 	: 	: 	: 	: 	: 	: 	: 	: 	: 	102 	108 	101 	101 	104 	104 	105 	109 	110 	103 	101 	109 	122 	124 	117 	110 	112 	113 	117 	115 	107 	100 	97 	110 	116 	120 	119 	114 	110 	110 	117 	123 	114 	109 	112 	126 	129 	132 	126 	128 	126 	126 	129 	131 	128 	121 	115 	122 	127 	135 	135 	134 	130 	128 	131 	135 	130 	121 	109 	111 	115 	123 	120 	121 	124 	120 	120 	117 	115 	108 	102 	111 	116 	124 	119 	115 	115 	111 	111 	107 	101 	93 	84 	98 b	102 	117 	113 	113 	114 	110 	114 	109 	102 	93 	92 	99 	104 	95 b	90 	91 	100 	102 	100 	90 	84 	75 	71 	73 	75 	77 	76 	78 	81 	83 	82 	73 	64 	58 	57 	59 	62 	66 	67 	65 	70 	72 	76 	74 	78 	76 	71 	74 	79 	83 	78 	75 	75 	77 	81 	80 	75 	70 	68 	75 	80 	81 	76 	73 	81 	87 	88 	84 	83 	82 	75 	81 	85 	93 	88 	89 	91 	89 	89 	88 	87 	84 	80 	85 	93 	95 	95 	98 	105 	109 	109 	108 	103 	98 	93 	98 	98 	100 	97 	98 	106 	109 	110 	109 	104 	100 	94 	99 	105 	108 	109 	109 	114 	117 	122 	115 	108 	102 	97 	97 	95 	96 	94 	93 	98 	92 	88 	81 	77 	69 	59 	62 	63 	68 	66 	67 	69 	69 	68 	63 	63 	59 	54 	55 	58 	64 	63 	67 	74 	76 	75 	74 	76 	75 	70 	71 	76 	81 	85 	89 	94 	90 	89 	84 	85 	85 	80 	85 	88 	103 	104 	106 	107 	104 	100 	94 	95 	91 	88 	84 	85 	86 	91 	95 	96 	92 	92 	88 	92 	88 	84 	86 	89 	89 	86 	86 	91 	89 	86 	85 	88 	89 	89 	90 	95 	103 	105 	106 	104 	100 	103 	103 	101 	97 	97 	103 	98 	99 	95 	97 	92 	97 	99 	104 	101 	104 	98 	103 	111 	122 	124 	122 	125 	131 	129 	128 	124 	125 	125 	128 	140 	141 	141 	136 	134 	133 	135 	135 	132 	127 	117 	112 	110 	121 	125 	127 	125 	121 	118 	114 	111 	107 	106 	107 	108 	110 	111 	108 	110 	110 	115 	114 	112 	109 	98 	99 	104 	108 	101 	93 	97 	104 	113 	108 	112 	106 	107 	106 	104 	102 	101 	114 	131 	149 	153 	: 	: 
M,NSA,TOTAL,THS_PER,T,PL	: 	: 	: 	: 	: 	: 	: 	: 	: 	: 	: 	: 	: 	: 	: 	: 	: 	: 	: 	: 	: 	: 	: 	: 	: 	: 	: 	: 	: 	: 	: 	: 	: 	: 	: 	: 	: 	: 	: 	: 	: 	: 	: 	: 	: 	: 	: 	: 	: 	: 	: 	: 	: 	: 	: 	: 	: 	: 	: 	: 	: 	: 	: 	: 	: 	: 	: 	: 	: 	: 	: 	: 	: 	: 	: 	: 	: 	: 	: 	: 	: 	: 	: 	: 	: 	: 	: 	: 	: 	: 	: 	: 	: 	: 	: 	: 	: 	: 	: 	: 	: 	: 	: 	: 	: 	: 	: 	: 	: 	: 	: 	: 	: 	: 	: 	: 	: 	: 	: 	: 	: 	: 	: 	: 	: 	: 	: 	: 	: 	: 	: 	: 	: 	: 	: 	: 	: 	: 	: 	: 	: 	: 	: 	: 	2428 	2436 	2457 	2422 	2322 	2323 	2268 	2128 	2215 	2165 	2008 	2178 	2379 	2435 	2445 	2417 	2341 	2260 	2209 	2156 	2096 	2044 	2033 	2073 	2095 	2082 	2039 	1953 	1864 	1827 	1810 	1769 	1718 	1669 	1662 	1697 	1763 	1813 	1807 	1756 	1690 	1660 	1663 	1663 	1669 	1693 	1743 	1833 	2011 	2197 	2282 	2284 	2244 	2229 	2263 	2312 	2358 	2395 	2458 	2571 	2740 	2882 	2943 	2902 	2827 	2758 	2711 	2664 	2659 	2666 	2745 	2873 	3074 	3168 	3232 	3240 	3200 	3179 	3145 	3118 	3108 	3103 	3171 	3270 	3434 	3486 	3503 	3487 	3370 	3417 	3441 	3431 	3409 	3353 	3354 	3384 	3454 	3448 	3404 	3317 	3239 	3245 	3287 	3286 	3254 	3202 	3233 	3333 	3502 	3512 	3456 	3298 	3177 	3139 	3116 	3084 	3056 	3030 	3041 	3102 	3151 	3196 	3177 	3101 	3029 	3006 	3009 	2991 	2968 	2905 	2865 	2823 	2774 	2670 	2568 	2436 	2319 	2243 	2229 	2210 	2164 	2091 	2037 	1992 	1954 	1866 	1751 	1639 	1551 	1498 	1503 	1496 	1474 	1425 	1406 	1388 	1381 	1320 	1252 	1196 	1150 	1108 	1095 	1089 	1074 	1055 	1097 	1166 	1313 	1382 	1398 	1332 	1294 	1286 	1335 	1354 	1366 	1347 	1399 	1506 d	1782 	1822 	1791 	1684 	1626 	1580 	1573 	1570 	1585 	1574 	1584 	1632 	1709 	1722 	1711 	1664 	1624 	1585 	1597 	1611 	1635 	1646 	1680 	1719 	1806 	1825 	1796 	1744 	1708 	1686 	1703 	1721 	1730 	1717 	1751 	1804 	1934 	1962 	1936 	1879 	1808 	1748 	1731 	1712 	1700 	1667 	1693 	1741 	1864 	1874 	1801 	1681 	1578 	1495 	1450 	1422 	1406 	1387 	1407 	1436 	1521 	1515 	1446 	1346 	1274 	1224 	1229 	1234 	1234 	1213 	1209 	1208 	1235 	1213 	1161 	1102 	1064 	1031 	1032 	1031 	1018 	980 	955 	939 	949 	929 	902 	885 	869 	835 	821 	817 	815 	786 	770 	751 	747 	711 	669 	627 	611 	612 	647 	666 	672 	650 	646 	652 	689 	674 	633 	575 	543 	525 	535 	537 	525 	490 	480 	488 	535 	535 	517 	524 	530 	526 	530 	529 	: 
M,NSA,TOTAL,THS_PER,T,PT	: 	: 	: 	: 	: 	: 	: 	: 	: 	: 	: 	: 	: 	: 	: 	: 	: 	: 	: 	: 	: 	: 	: 	: 	: 	: 	: 	: 	: 	: 	: 	: 	: 	: 	: 	: 	: 	: 	: 	: 	: 	: 	: 	: 	: 	: 	: 	: 	: 	: 	: 	: 	: 	: 	: 	: 	: 	: 	: 	: 	: 	: 	: 	: 	: 	: 	: 	: 	: 	: 	: 	: 	: 	: 	: 	: 	: 	: 	: 	: 	: 	: 	: 	: 	: 	: 	: 	: 	: 	: 	: 	: 	: 	: 	: 	: 	: 	: 	: 	: 	: 	: 	: 	: 	: 	: 	: 	: 	: 	: 	: 	: 	: 	: 	: 	: 	: 	: 	: 	: 	: 	: 	: 	: 	: 	: 	: 	: 	: 	: 	: 	: 	: 	: 	: 	: 	: 	: 	: 	: 	: 	: 	: 	: 	: 	: 	: 	: 	: 	: 	: 	: 	: 	: 	: 	: 	: 	: 	: 	: 	: 	: 	: 	: 	: 	: 	: 	: 	: 	: 	: 	: 	: 	: 	: 	: 	: 	: 	: 	: 	: 	352 	333 	312 	287 	294 	291 	292 	292 	287 	299 	294 	293 	297 	292 	295 	285 	275 	269 	272 	277 	267 	271 	280 	289 	283 	265 	256 	249 	242 	248 	263 	271 	266 	251 	259 	263 	276 	272 	267 	259 	257 	261 	268 	274 	277 	276 	278 	290 	291 	293 	292 	299 	307 	320 	329 	354 	375 	385 	390 	395 	400 	395 	392 	389 	385 	380 	388 	402 	411 	407 	399 	390 	399 	392 	392 	397 	401 	399 	424 	436 	440 	438 	450 	455 	462 	460 	460 	448 	451 	465 	477 	492 	494 	492 	485 	481 	478 	475 	465 	454 	447 	456 	467 	496 	507 	505 	507 	512 	518 	508 	507 	488 	477 	479 	491 	487 	492 	488 	484 	479 	474 	475 	463 	456 	459 	455 	479 	485 	486 	485 	510 	527 	541 	550 	554 	552 	556 	569 	592 	607 	613 	607 	619 	620 	638 	635 	642 	636 	644 	642 	653 	654 	650 	661 	665 	669 	673 	681 	667 	659 	640 	645 	674 	704 	721 	746 	778 	775 	797 	809 	821 	803 	798 	807 	847 	855 	887 	896 	922 	928 	927 	913 	889 	866 	842 	841 	820 	813 	815 	808 	795 	785 	788 	776 	758 	729 	718 	708 	689 	687 	699 	698 	709 	719 	713 	691 	659 	620 	609 	607 	619 	633 	639 	634 	633 	630 	640 	623 	594 	559 	544 	539 	550 	556 	550 	543 	530 	530 	524 	513 	492 	461 	450 	442 	444 	440 	440 	422 	420 	420 	410 	396 	370 	352 	335 	335 	353 	340 	346 	349 	354 	355 	354 	345 	342 	328 	320 	316 	323 	339 	341 	352 	361 	366 	348 	327 	319 	278 	349 	383 	407 	: 
M,NSA,TOTAL,THS_PER,T,RO	: 	: 	: 	: 	: 	: 	: 	: 	: 	: 	: 	: 	: 	: 	: 	: 	: 	: 	: 	: 	: 	: 	: 	: 	: 	: 	: 	: 	: 	: 	: 	: 	: 	: 	: 	: 	: 	: 	: 	: 	: 	: 	: 	: 	: 	: 	: 	: 	: 	: 	: 	: 	: 	: 	: 	: 	: 	: 	: 	: 	: 	: 	: 	: 	: 	: 	: 	: 	: 	: 	: 	: 	: 	: 	: 	: 	: 	: 	: 	: 	: 	: 	: 	: 	: 	: 	: 	: 	: 	: 	: 	: 	: 	: 	: 	: 	: 	: 	: 	: 	: 	: 	: 	: 	: 	: 	: 	: 	: 	: 	: 	: 	: 	: 	: 	: 	: 	: 	: 	: 	: 	: 	: 	: 	: 	: 	: 	: 	: 	: 	: 	: 	: 	: 	: 	: 	: 	: 	: 	: 	: 	: 	: 	: 	1448 	1383 	1351 	1280 	1211 	1263 	1243 	1219 	1172 	1169 	1114 	1124 	1083 	1068 	1021 	943 	832 	836 	791 	779 	729 	717 	672 	691 	683 	710 	726 	705 	666 	706 	716 	711 	707 	738 	745 	786 	777 	762 	731 	707 	694 	709 	710 	708 	703 	718 	735 	753 	791 	798 	803 	775 	772 	794 	815 	843 	833 	874 	866 	881 	898 	900 	878 	862 	851 	864 	863 	867 	865 	891 	886 	876 	911 	892 	864 	820 	795 	785 	780 	792 	792 	822 	839 	873 	960 	964 	964 	916 	882 	875 	866 	859 	813 	799 	752 	743 	787 	809 	809 	772 	763 	724 	726 	744 	727 	771 	781 	795 d	918 	785 	811 	821 	723 	771 	759 	800 	747 	794 	781 	807 	824 	853 	838 	724 	704 	705 	616 	605 	571 	671 	646 	650 	739 	780 	747 	713 	686 	676 	742 	718 	727 	697 	685 	715 	687 	735 	693 	678 	632 	645 	614 	597 	587 	585 	573 	586 	590 	599 	588 	539 	544 	548 	521 	517 	504 	559 	515 	568 	605 	646 	616 	582 	581 	584 	620 	632 	642 	656 	657 	667 	702 	709 	723 	636 	622 	629 	632 	647 	610 	634 	652 	626 	686 	663 	656 	662 	633 	630 	643 	654 	654 	655 	680 	696 	676 	646 	665 	631 	624 	606 	623 	603 	623 	599 	598 	631 	641 	652 	673 	693 	641 	700 	616 	641 	634 	648 	639 	659 	656 	648 	665 	638 	600 	635 	607 	629 	610 	613 	638 	604 	655 	663 	646 	649 	611 	616 	597 	627 	616 	597 	601 	608 	599 	578 	577 	543 	534 	515 	518 	509 	530 	475 	485 	496 	469 	484 	490 	441 	464 	449 	442 	444 	436 	428 	425 	422 	419 	410 	412 	391 	377 	371 	360 	365 	346 	367 	374 	364 	377 	365 	350 	358 	342 	334 	352 	336 	364 	340 	355 	368 	343 	384 	420 	469 	484 	494 	502 	491 	: 
M,NSA,TOTAL,THS_PER,T,SE	165 	167 	166 	135 	148 	158 	146 	175 	188 	167 	159 	161 	182 	154 	146 	151 	126 	122 	141 	148 	143 	153 	131 	125 	157 	133 	137 	127 	118 	113 	117 	131 	144 	115 	118 	126 	135 	133 	137 	112 	107 	102 	103 	124 	137 	110 	119 	117 	114 	110 	116 	99 	90 	84 	94 	121 	96 	87 	88 	79 	106 	83 	91 	79 	73 	64 	85 	87 	90 	84 	76 	59 	87 	80 	73 	78 	59 	50 	64 	72 	76 	78 	68 	69 	84 	73 	70 	62 	67 	52 	81 	82 	94 	92 	103 	99 	121 	124 	125 	124 	111 	117 	151 	162 	163 	163 	168 	187 	211 	217 	226 	219 	234 	237 	274 	287 	268 	271 	290 	286 	356 	351 	350 	378 	368 	437 	452 	433 	418 	427 	425 	417 	454 	441 	419 	398 	383 	436 	430 	421 	393 	389 	387 	390 	422 	395 	387 	384 	359 	409 	396 	387 	385 	384 	383 	395 	409 	422 	405 	421 	404 	448 	443 	448 	425 	416 	424 	443 	456 	479 	462 	453 	438 	494 	472 	432 	408 	396 	380 	375 	408 	399 	366 	387 	378 	374 	399 	370 	320 	310 	323 	311 	341 	325 	314 	311 	282 	315 	318 	309 	286 	265 	268 	268 	287 	290 	271 	261 	245 	273 	262 	258 	227 	223 	231 	209 d	291 b	278 	280 	264 	275 	326 	263 	253 	248 	258 	243 	253 	283 	278 	286 	278 	280 	326 	273 	256 	266 	250 	261 	274 	309 	288 	310 	300 	306 	366 	293 	300 	283 	291 	310 	310 	337 	360 	364 	343 	370 	419 	328 	320 	341 	303 	319 	331 	339 	371 	356 	365 	385 	467 	370 	347 	322 	346 	306 	347 	388 	342 	371 	382 	348 	421 	326 	308 	291 	288 	279 	287 	331 	305 	330 	311 	293 	387 	274 	262 	269 	274 	252 	267 	307 	293 	304 	293 	289 	416 	295 	256 	288 	280 	304 	309 	351 	387 	404 	403 	446 	503 	398 	393 	405 	395 	390 	417 	461 	451 	457 	479 	444 	493 	423 	380 	390 	378 	361 	373 	416 	402 	414 	407 	404 	478 	373 	354 	348 	361 	352 	363 	414 	407 	400 	401 	431 	477 	387 	381 	382 	376 	392 	381 	421 	427 	448 	445 	417 	484 	382 	377 	382 	374 	382 	380 	436 	432 	440 	445 	413 	492 	380 	388 	371 	389 	380 	360 	430 	433 	414 	432 	420 	456 	350 	337 	348 	349 	325 	345 	388 	396 	406 	381 	400 	414 	341 	350 	317 	338 	328 	337 	385 	392 	362 	386 	387 	407 	362 	326 	332 	337 	308 	321 	376 	337 	352 	366 	352 	403 	346 b	329 	316 	308 	315 	328 	351 	397 	424 	370 	387 	407 	389 	380 	331 	330 	378 	329 	410 	454 	389 	449 	496 	557 	502 	493 	: 
M,NSA,TOTAL,THS_PER,T,SI	: 	: 	: 	: 	: 	: 	: 	: 	: 	: 	: 	: 	: 	: 	: 	: 	: 	: 	: 	: 	: 	: 	: 	: 	: 	: 	: 	: 	: 	: 	: 	: 	: 	: 	: 	: 	: 	: 	: 	: 	: 	: 	: 	: 	: 	: 	: 	: 	: 	: 	: 	: 	: 	: 	: 	: 	: 	: 	: 	: 	: 	: 	: 	: 	: 	: 	: 	: 	: 	: 	: 	: 	: 	: 	: 	: 	: 	: 	: 	: 	: 	: 	: 	: 	: 	: 	: 	: 	: 	: 	: 	: 	: 	: 	: 	: 	: 	: 	: 	: 	: 	: 	: 	: 	: 	: 	: 	: 	: 	: 	: 	: 	: 	: 	: 	: 	: 	: 	: 	: 	: 	: 	: 	: 	: 	: 	: 	: 	: 	: 	: 	: 	: 	: 	: 	: 	: 	: 	: 	: 	: 	: 	: 	: 	67 	67 	66 	65 	64 	63 	64 	65 	66 	68 	69 	69 	69 	68 	67 	65 	64 	63 	61 	62 	63 	64 	65 	66 	66 	66 	65 	64 	64 	64 	65 	67 	68 	69 	70 	71 	72 	73 	73 	73 	72 	71 	70 	70 	71 	72 	72 	73 	72 	71 	69 	71 	70 	69 	71 	70 	71 	72 	71 	69 	68 	67 	66 	67 	66 	65 	66 	64 	62 	62 	61 	61 	63 	61 	60 	57 	55 	53 	56 	57 	60 	65 	68 	69 	71 	68 	64 	61 	58 	55 	57 	58 	59 	60 	61 	63 	66 	67 	66 	64 	62 	61 	62 	63 	64 	65 	64 	66 	68 	68 	66 	62 	60 	59 	59 	61 	62 	64 	63 	66 	69 	69 	66 	60 	57 	56 	62 	65 	68 	73 	75 	73 	73 	70 	66 	63 	60 	58 	59 	57 	55 	56 	56 	56 	60 	58 	54 	50 	47 	46 	47 	46 	45 	48 	48 	50 	54 	52 	49 	44 	42 	42 	44 	44 	42 	45 	44 	45 	51 	54 	56 	56 	57 	60 	65 	66 	65 	68 	66 	68 	74 	74 	74 	74 	74 	73 	73 	73 	73 	80 	79 	83 	87 	87 	84 	80 	77 	77 	80 	79 	82 	88 	89 	90 	90 	87 	83 	81 	81 	84 	92 	94 	93 	97 	94 	100 	109 	112 	111 	108 	104 	100 	98 	96 	92 	95 	95 	100 	109 	110 	105 	98 	94 	92 	94 	94 	93 	96 	95 	97 	99 	97 	95 	94 	93 	92 	91 	88 	83 	84 	82 	86 	89 	87 	85 	80 	77 	75 	74 	73 	73 	79 	80 	82 	84 	80 	73 	68 	65 	64 	67 	67 	63 	61 	58 	59 	63 	62 	58 	55 	54 	53 	54 	53 	49 	46 	43 	45 	51 	51 	47 	44 	43 	44 	50 	51 	47 	43 	39 	40 	46 	47 	47 	53 	53 	51 	49 	49 	: 
M,NSA,TOTAL,THS_PER,T,SK	: 	: 	: 	: 	: 	: 	: 	: 	: 	: 	: 	: 	: 	: 	: 	: 	: 	: 	: 	: 	: 	: 	: 	: 	: 	: 	: 	: 	: 	: 	: 	: 	: 	: 	: 	: 	: 	: 	: 	: 	: 	: 	: 	: 	: 	: 	: 	: 	: 	: 	: 	: 	: 	: 	: 	: 	: 	: 	: 	: 	: 	: 	: 	: 	: 	: 	: 	: 	: 	: 	: 	: 	: 	: 	: 	: 	: 	: 	: 	: 	: 	: 	: 	: 	: 	: 	: 	: 	: 	: 	: 	: 	: 	: 	: 	: 	: 	: 	: 	: 	: 	: 	: 	: 	: 	: 	: 	: 	: 	: 	: 	: 	: 	: 	: 	: 	: 	: 	: 	: 	: 	: 	: 	: 	: 	: 	: 	: 	: 	: 	: 	: 	: 	: 	: 	: 	: 	: 	: 	: 	: 	: 	: 	: 	322 	322 	315 	302 	288 	282 	283 	283 	280 	274 	270 	274 	285 	293 	289 	276 	261 	256 	262 	264 	261 	258 	257 	266 	284 	295 	293 	285 	273 	266 	270 	275 	277 	278 	275 	281 	316 	321 	316 	304 	296 	311 	328 	324 	317 	304 	311 	335 	376 	393 	402 	393 	393 	417 	432 	430 	421 	419 	435 	459 	486 	493 	493 	481 	482 	499 	516 	471 	456 	451 	467 	488 	524 	518 	514 	508 	499 	509 	512 	504 	490 	485 	490 	499 	515 	506 	496 	483 	481 	485 	488 	478 	467 	461 	468 	483 	490 	481 	470 	449 	440 	445 	451 	449 	441 	437 	449 	484 	507 	513 	509 	500 	485 	478 	472 	461 	464 	451 	451 	464 	470 	461 	455 	434 	423 	419 	414 	407 	421 	409 	403 	408 	408 	395 	382 	366 	353 	350 	347 	338 	339 	324 	316 	315 	313 	304 	297 	291 	290 	296 	301 	297 	300 	282 	273 	276 	281 	278 	274 	271 	268 	261 	248 	234 	237 	227 	228 	239 	259 	276 	291 	293 	298 	310 	324 	330 	357 	362 	372 	383 	403 	407 	404 	391 	382 	383 	381 	375 	386 	379 	373 	373 	374 	371 	365 	356 	349 	348 	348 	347 	363 d	373 	380 	384 	384 	382 	378 	371 	365 	369 	371 	369 	375 	384 	392 	395 	399 	397 	390 	381 	377 	383 	381 	378 	387 	387 	386 	386 	388 	385 	376 	363 	354 	352 	353 	351 	349 	347 	345 	344 	348 	341 	329 	312 	301 	304 	308 	308 	313 	309 	302 	298 	292 	286 	278 	270 	264 	263 	263 	262 	265 	258 	251 	249 	245 	240 	234 	229 	224 	217 	219 	219 	223 	218 	212 	208 	202 	194 	187 	184 	181 	180 	177 	174 	175 	171 	168 	163 	164 	160 	155 	154 	154 	157 	161 	160 	163 	156 	154 	155 	163 	163 	159 	176 	179 	179 	184 	187 	: 
M,NSA,TOTAL,THS_PER,T,TR	: 	: 	: 	: 	: 	: 	: 	: 	: 	: 	: 	: 	: 	: 	: 	: 	: 	: 	: 	: 	: 	: 	: 	: 	: 	: 	: 	: 	: 	: 	: 	: 	: 	: 	: 	: 	: 	: 	: 	: 	: 	: 	: 	: 	: 	: 	: 	: 	: 	: 	: 	: 	: 	: 	: 	: 	: 	: 	: 	: 	: 	: 	: 	: 	: 	: 	: 	: 	: 	: 	: 	: 	: 	: 	: 	: 	: 	: 	: 	: 	: 	: 	: 	: 	: 	: 	: 	: 	: 	: 	: 	: 	: 	: 	: 	: 	: 	: 	: 	: 	: 	: 	: 	: 	: 	: 	: 	: 	: 	: 	: 	: 	: 	: 	: 	: 	: 	: 	: 	: 	: 	: 	: 	: 	: 	: 	: 	: 	: 	: 	: 	: 	: 	: 	: 	: 	: 	: 	: 	: 	: 	: 	: 	: 	: 	: 	: 	: 	: 	: 	: 	: 	: 	: 	: 	: 	: 	: 	: 	: 	: 	: 	: 	: 	: 	: 	: 	: 	: 	: 	: 	: 	: 	: 	: 	: 	: 	: 	: 	: 	: 	: 	: 	: 	: 	: 	: 	: 	: 	: 	: 	: 	: 	: 	: 	: 	: 	: 	: 	: 	: 	: 	: 	: 	: 	: 	: 	: 	: 	: 	: 	: 	: 	: 	: 	: 	: 	: 	: 	: 	: 	: 	: 	: 	: 	: 	: 	: 	: 	: 	: 	: 	: 	: 	: 	: 	: 	: 	: 	: 	: 	: 	: 	: 	: 	: 	: 	: 	: 	: 	: 	: 	: 	: 	: 	: 	: 	: 	: 	: 	: 	: 	: 	: 	2150 	2156 	2083 	2005 	1946 	1952 	1960 	1992 	2024 	2057 	2138 	2213 	2258 	2270 	2105 	1985 	1773 	1823 	1850 	1935 	1891 	1878 	1940 	2088 	2137 b	2201 	2074 	2006 	1885 	1909 	1929 	2003 	2026 	2061 	2085 	2150 	2250 	2350 	2226 	2053 	1950 	2039 	2161 	2201 	2298 	2404 	2677 	2902 	3188 	3331 	3359 	3219 	3029 	2945 	2954 	3087 	3043 	2968 	2932 	3015 	3227 	3204 	3100 	2771 	2567 	2485 	2493 	2661 	2636 	2598 	2514 	2613 	2718 	2642 	2530 	2358 	2288 	2272 	2251 	2240 	2127 	2157 	2142 	2266 	2348 	2402 	2305 	2123 	1988 	1935 	2020 	2123 	2213 	2221 	2304 	2458 	2552 	2539 	2496 	2366 	2263 	2240 	2370 	2482 	2527 	2470 	2497 	2582 	2805 	2825 	2747 	2579 	2551 	2654 	2867 	2944 	3064 	3043 	3096 	3145 	3259 	3226 	3069 	2821 	2789 	2880 	2970 	3058 	3103 	3147 	3125 	3204 	3290 	3224 	3023 	2824 	2895 	3127 	3324 	3493 	3523 	3647 	3715 	3872 	3985 	3900 	3642 	3287 	3225 	3251 	3443 	3404 	3419 	3287 	3275 	3291 	3409 	3354 	3210 	3086 	3136 	3315 	3531 	3670 	3749 	3788 	3981 	4302 	4668 	4730 	4544 	4202 	4157 	4253 	4596 	4650 	4566 	4396 	4308 	4394 	4362 	4228 	3971 	3775 	3826 	4101 	: 	: 	: 
M,NSA,TOTAL,THS_PER,T,UK	2872 	2856 	2824 	2842 	2799 	2765 	2807 	2808 	2938 	2853 	2844 	2864 	2919 	2915 	2859 	2824 	2805 	2764 	2838 	2873 	3029 	2979 	2995 	3038 	3116 	3118 	3072 	3075 	3046 	2983 	3033 	3043 	3120 	3058 	3028 	3069 	3138 	3117 	3098 	3103 	3055 	3027 	3093 	3113 	3176 	3094 	3085 	3105 	3181 	3124 	3049 	3014 	2894 	2819 	2829 	2800 	2806 	2690 	2628 	2639 	2672 	2621 	2550 	2496 	2388 	2321 	2352 	2349 	2399 	2223 	2192 	2191 	2252 	2215 	2165 	2077 	1984 	1929 	1999 	1994 	1966 	1901 	1887 	1934 	2011 	2017 	1994 	1970 	1906 	1864 	1940 	1960 	1957 	1930 	1973 	2081 	2187 	2256 	2357 	2419 	2432 	2430 	2549 	2597 	2566 	2500 	2500 	2542 	2632 	2624 	2596 	2623 	2618 	2708 	2770 	2780 	2765 	2786 	2782 	2834 	2917 	2938 	2909 	2821 	2828 	2884 	2907 	2899 	2844 	2807 	2767 	2763 	2755 	2752 	2697 	2622 	2638 	2665 	2695 	2657 	2569 	2489 	2410 	2380 	2411 	2449 	2427 	2358 	2359 	2413 	2450 	2469 	2402 	2356 	2241 	2256 	2264 	2274 	2279 	2227 	2248 	2269 	2289 	2298 	2241 	2189 	2106 	2056 	2031 	2022 	1981 	1931 	1959 	2034 	2026 	1966 	1873 	1829 	1753 	1715 	1731 	1766 	1744 	1689 	1713 	1762 	1822 	1809 	1758 	1722 	1664 	1697 	1717 	1739 	1721 	1665 	1661 	1722 	1766 	1768 	1691 	1674 	1609 	1617 	1611 	1643 	1611 	1552 	1521 	1541 	1584 	1608 	1582 	1523 	1449 	1419 	1438 	1439 	1390 	1320 	1360 	1463 	1539 	1551 	1512 	1489 	1460 	1446 	1443 	1483 	1493 	1469 	1450 	1509 	1585 	1619 	1575 	1530 	1463 	1420 	1462 	1507 	1468 	1397 	1383 	1499 	1556 	1561 	1503 	1459 	1404 	1369 	1371 	1398 	1384 	1346 	1354 	1413 	1450 	1454 	1435 	1413 	1374 	1366 	1398 	1396 	1366 	1350 	1361 	1405 	1452 	1477 	1540 	1546 	1516 	1486 	1530 	1580 	1592 	1578 	1611 	1675 	1739 	1751 	1731 	1660 	1623 	1609 	1667 	1695 	1661 	1579 	1581 	1624 	1695 	1707 	1671 	1600 	1510 	1501 	1556 	1591 	1606 	1532 	1604 	1706 	1850 	1904 	1923 	1931 	1921 	1957 	2094 	2234 	2262 	2300 	2376 	2468 	2522 	2521 	2517 	2439 	2363 	2328 	2462 	2523 	2469 	2385 	2392 	2458 	2495 	2499 	2531 	2481 	2407 	2411 	2452 	2467 	2409 	2399 	2469 	2554 	2659 	2721 	2727 	2693 	2596 	2567 	2612 	2611 	2565 	2458 	2471 	2561 	2583 	2585 	2572 	2510 	2441 	2430 	2533 	2506 	2457 	2403 	2445 	2491 	2559 	2553 	2465 	2322 	2269 	2242 	2217 	2189 	2104 	2000 	1991 	2004 	2014 	2017 	1999 	1889 	1773 	1753 	1794 	1799 	1751 	1744 	1783 	1817 	1831 	1823 	1775 	1654 	1597 	1586 	1661 	1669 	1612 	1547 	1578 	1627 	1677 	1638 	1633 	1568 	1500 	1480 	1517 	1519 	1473 	1398 	1426 	1457 	1476 	1463 	1457 	1415 	1390 	1370 	1391 	1414 	1373 	1294 	1280 	1331 	1391 	1412 	1410 	1335 	1282 	1247 	1286 	1264 	1233 	1200 	1268 	1287 	1340 	1339 	1319 	1258 	1200 	1236 	1330 	1327 	1274 	1205 	1227 	1332 	: 	: 	: 
M,NSA,TOTAL,THS_PER,T,US	12517 	12382 	11879 	11035 	10766 	11570 	10707 	10411 	9831 	9382 	9130 	8992 	9754 	9407 	9058 	8524 	8155 	8581 	8713 	8382 	8050 	7988 	7869 	7978 	9131 	8903 	8627 	8150 	8011 	8754 	8681 	8051 	7984 	7917 	7815 	7718 	8472 	9041 	8667 	8116 	8158 	8774 	8471 	7955 	8016 	7841 	7872 	7460 	8621 	8503 	8126 	7307 	7318 	7654 	7453 	7087 	6856 	6847 	6801 	6526 	7603 	7482 	7090 	6359 	6553 	6820 	6823 	6660 	6368 	6182 	6325 	6143 	7308 	6883 	6379 	6229 	6156 	6849 	6736 	6351 	6330 	6222 	6495 	6300 	7413 	7296 	6852 	6620 	6532 	6885 	7137 	7008 	7003 	6892 	7396 	7525 	8787 	9119 	8996 	8226 	8435 	8993 	8792 	8440 	8270 	8232 	8495 	8755 	10187 	10401 	9913 	9136 	9389 	10365 	10099 	9605 	9316 	8814 	9086 	9044 	10158 	10004 	9480 	8835 	8807 	9474 	9223 	8655 	8301 	8296 	8093 	7959 	9492 	9261 	8874 	8079 	7657 	8250 	8280 	7869 	7379 	7155 	6973 	6689 	8100 	7685 	7480 	7379 	7185 	7727 	7892 	7456 	7167 	6884 	7024 	6873 	8269 	7858 	7699 	7123 	7166 	7377 	7693 	6867 	6700 	6577 	6816 	6681 	7934 	7648 	7399 	6551 	6399 	7094 	6981 	6595 	6403 	5994 	5914 	5957 	7070 	6805 	6815 	5643 	5764 	6534 	6567 	6172 	6039 	5831 	5711 	5565 	6603 	6563 	6120 	5688 	5507 	6270 	6318 	5825 	5661 	5372 	5381 	5245 	6316 	6285 	6069 	5211 	5459 	5959 	6028 	5864 	5359 	5152 	5336 	5265 	6647 	6524 	6509 	6004 	5901 	6816 	6858 	7016 	6767 	7176 	7617 	7773 	9050 	8823 	8776 	8255 	7969 	8759 	8693 	8272 	7790 	7769 	8170 	8208 	9395 	9260 	9017 	8500 	8501 	9650 	9319 	8830 	8435 	8167 	8269 	7945 	9144 	8770 	8834 	7837 	7792 	8616 	8517 	7940 	7545 	7531 	7665 	7600 	8443 	8549 	7986 	7335 	7287 	7870 	7838 	7328 	7259 	6964 	7271 	6957 	7608 	7692 	7255 	6804 	6655 	7341 	7603 	7085 	6625 	6272 	6576 	6490 	7649 	7400 	6912 	6531 	6486 	7294 	7556 	7088 	6952 	6773 	6917 	7371 	8221 	7953 	8027 	7287 	8076 	8932 	9433 	9479 	9200 	9469 	10014 	11000 	13008 	13698 	13894 	13249 	13974 	15095 	15201 	14822 	14538 	14547 	14407 	14740 	16147 	15991 	15678 	14608 	14369 	14885 	15137 	14760 	14140 	13903 	14282 	13997 	14937 	14541 	14060 	13236 	13420 	14410 	14429 	14009 	13520 	13102 	12613 	12692 	13541 	13429 	12904 	11910 	12271 	13183 	13400 	12696 	11741 	11741 	11405 	11845 	13180 	12499 	11814 	11013 	11302 	12248 	12083 	11462 	10884 	10773 	10271 	9984 	10854 	10893 	10537 	9079 	9442 	9893 	10307 	9787 	8963 	8680 	8630 	8332 	9498 	9095 	8682 	7967 	8371 	8638 	8804 	8162 	7627 	7599 	7573 	7543 	8310 	8218 	8116 	7413 	7207 	8144 	8267 	7996 	7660 	7447 	7067 	7170 	8149 	7888 	7284 	6555 	6571 	7251 	7441 	7288 	6556 	6241 	6286 	6278 	7188 	7091 	6671 	5931 	5755 	6812 	6730 	6370 	5767 	5771 	5650 	6030 	7141 	6625 	6381 	5387 	5503 	6291 	6556 	6203 	5465 	5509 	5440 	5503 	6503 	6217 	7370 	22504 	20514 	18072 	16883 	13742 	: 
